"MSB I.4 Commercial Banks: Deposits (excluding S$NCDs) of DBUs by Types of Non-bank Customers",,,,,,,,,,,,,,,,,,,,,,,,,,,,,,,"S$ MILLION"
"END OF PERIOD","TOTAL DEPOSITS - TOTAL","TOTAL DEPOSITS - IN S$","TOTAL DEPOSITS - IN FOREIGN CURRENCIES","SINGAPORE GOVERNMENT AND STATUTORY BOARDS - TOTAL","SINGAPORE GOVERNMENT AND STATUTORY BOARDS - DEMAND DEPOSITS","SINGAPORE GOVERNMENT AND STATUTORY BOARDS - FIXED DEPOSITS","SINGAPORE GOVERNMENT AND STATUTORY BOARDS - SAVINGS AND OTHER DEPOSITS","SINGAPORE GOVERNMENT AND STATUTORY BOARDS - OF WHICH FOREIGN CURRENCY * - DEMAND DEPOSITS","SINGAPORE GOVERNMENT AND STATUTORY BOARDS - OF WHICH FOREIGN CURRENCY * - FIXED DEPOSITS","SINGAPORE GOVERNMENT AND STATUTORY BOARDS - OF WHICH FOREIGN CURRENCY * - SAVINGS AND OTHER DEPOSITS","DEPOSITS OF NON-BANK FINANCIAL INSTITUTIONS - TOTAL","DEPOSITS OF NON-BANK FINANCIAL INSTITUTIONS - DEMAND DEPOSITS","DEPOSITS OF NON-BANK FINANCIAL INSTITUTIONS - FIXED DEPOSITS","DEPOSITS OF NON-BANK FINANCIAL INSTITUTIONS - SAVINGS AND OTHER DEPOSITS","DEPOSITS OF NON-BANK FINANCIAL INSTITUTIONS - OF WHICH FOREIGN CURRENCY * - DEMAND DEPOSITS","DEPOSITS OF NON-BANK FINANCIAL INSTITUTIONS - OF WHICH FOREIGN CURRENCY * - FIXED DEPOSITS","DEPOSITS OF NON-BANK FINANCIAL INSTITUTIONS - OF WHICH FOREIGN CURRENCY * - SAVINGS AND OTHER DEPOSITS","DEPOSITS OF OTHER RESIDENTS IN SINGAPORE - TOTAL","DEPOSITS OF OTHER RESIDENTS IN SINGAPORE - DEMAND DEPOSITS","DEPOSITS OF OTHER RESIDENTS IN SINGAPORE - FIXED DEPOSITS","DEPOSITS OF OTHER RESIDENTS IN SINGAPORE - SAVINGS AND OTHER DEPOSITS","DEPOSITS OF OTHER RESIDENTS IN SINGAPORE - OF WHICH FOREIGN CURRENCY * - DEMAND DEPOSITS","DEPOSITS OF OTHER RESIDENTS IN SINGAPORE - OF WHICH FOREIGN CURRENCY * - FIXED DEPOSITS","DEPOSITS OF OTHER RESIDENTS IN SINGAPORE - OF WHICH FOREIGN CURRENCY * - SAVINGS AND OTHER DEPOSITS","DEPOSITS OF RESIDENTS OUTSIDE SINGAPORE - TOTAL","DEPOSITS OF RESIDENTS OUTSIDE SINGAPORE - DEMAND DEPOSITS","DEPOSITS OF RESIDENTS OUTSIDE SINGAPORE - FIXED DEPOSITS","DEPOSITS OF RESIDENTS OUTSIDE SINGAPORE - SAVINGS AND OTHER DEPOSITS","DEPOSITS OF RESIDENTS OUTSIDE SINGAPORE - OF WHICH FOREIGN CURRENCY * - DEMAND DEPOSITS","DEPOSITS OF RESIDENTS OUTSIDE SINGAPORE - OF WHICH FOREIGN CURRENCY * - FIXED DEPOSITS","DEPOSITS OF RESIDENTS OUTSIDE SINGAPORE - OF WHICH FOREIGN CURRENCY * - SAVINGS AND OTHER DEPOSITS"
1991 Jan,64379.7,62863.4,1516.3,13268.9,745.9,12521.5,1.5,0.0,0.1,0.0,4600.4,898.2,3701.4,0.9,108.4,19.1,0.0,40761.4,6322.9,24761.6,9676.9,387.7,278.0,12.2,5749.0,670.9,4107.5,970.6,65.3,640.8,4.7
1991 Feb,64893.4,63400.7,1492.7,13563.3,831.6,12730.1,1.6,0.0,0.1,0.0,4435.2,926.0,3508.4,0.9,167.3,7.1,0.0,41123.1,6233.2,24913.8,9976.2,361.5,269.8,12.9,5771.7,714.3,4105.7,951.7,70.9,601.4,1.7
1991 Mar,65503.4,64035.8,1467.6,14003.0,949.0,13052.6,1.4,0.0,0.1,0.0,4250.7,903.5,3346.4,0.9,139.0,9.4,0.0,41616.4,6287.0,25182.4,10147.0,345.5,265.3,11.6,5633.3,660.5,4005.1,967.7,77.2,616.8,2.7
1991 Apr,65437.0,64044.8,1392.2,13646.6,908.8,12736.4,1.4,0.0,0.1,0.0,4219.6,860.2,3358.4,1.0,96.6,4.5,0.1,41857.1,6195.1,25510.0,10152.0,337.4,237.4,12.1,5713.6,704.8,4028.6,980.2,61.7,639.6,2.7
1991 May,66470.8,65037.0,1433.8,14493.0,697.2,13794.6,1.2,0.0,0.1,0.0,3777.9,710.5,3066.6,0.9,123.8,7.3,0.0,42407.2,6461.8,25751.1,10194.3,360.3,256.2,10.4,5792.7,649.2,4169.8,973.7,56.0,617.4,2.3
1991 Jun,67083.0,65662.1,1420.9,14548.6,666.1,13881.3,1.2,0.0,0.1,0.0,4359.1,684.8,3673.4,0.9,95.0,7.6,0.0,42579.8,6464.8,25936.7,10178.3,361.9,252.3,11.0,5595.5,692.7,3923.6,979.2,65.3,624.4,3.5
1991 Jul,69023.2,67549.1,1474.1,14888.6,736.0,14151.5,1.2,0.0,0.1,0.0,4062.5,694.6,3367.0,0.9,139.6,1.6,0.0,44521.4,7954.4,26566.8,10000.2,355.0,247.0,19.0,5550.7,663.2,3931.7,955.9,53.0,657.2,1.8
1991 Aug,68403.5,66985.2,1418.3,14824.0,764.5,14058.0,1.4,0.0,0.1,0.0,4433.1,904.0,3528.0,1.1,114.5,0.8,0.0,43403.8,6177.1,27084.8,10142.0,329.9,233.1,27.2,5742.5,642.9,4113.0,986.6,55.6,646.0,11.1
1991 Sep,69314.4,67839.5,1474.9,15114.1,796.9,14316.0,1.3,0.0,0.0,0.0,4685.2,892.9,3791.4,0.9,152.2,1.2,0.0,43869.0,6337.1,27329.1,10202.8,379.6,228.4,30.4,5646.0,654.0,4005.7,986.3,52.8,620.0,10.4
1991 Oct,69007.3,67626.8,1380.5,14561.4,813.9,13746.2,1.3,0.0,0.0,0.0,4525.8,910.5,3614.4,0.9,145.7,0.8,0.0,44257.3,6484.3,27472.4,10300.6,345.6,228.2,23.8,5662.8,706.9,3920.8,1035.0,63.7,562.7,10.0
1991 Nov,70483.3,69089.1,1394.2,15204.1,1132.2,14070.6,1.2,0.0,0.0,0.0,4627.7,874.4,3752.3,1.0,109.2,0.8,0.0,45046.4,6686.7,27680.7,10679.0,447.6,219.1,23.6,5605.0,588.0,3983.9,1033.1,59.8,532.8,1.3
1991 Dec,72241.1,70868.8,1372.3,15444.5,1374.9,14068.2,1.3,0.0,0.0,0.0,5004.2,1153.8,3849.3,1.1,131.6,0.5,0.0,45946.9,6989.7,27619.8,11337.5,399.6,230.6,30.9,5845.5,772.4,3991.5,1081.6,52.5,524.7,1.8
1992 Jan,71821.8,70451.7,1370.0,15046.4,1021.0,14024.1,1.4,0.0,0.0,0.0,4114.9,876.9,3236.4,1.7,81.4,0.6,0.0,46791.1,7299.3,27873.1,11618.7,426.5,252.4,27.7,5869.3,697.6,4045.0,1126.7,56.6,521.1,3.8
1992 Feb,72773.9,71409.7,1364.2,15555.5,1120.0,14434.4,1.2,0.0,0.0,0.0,4130.4,776.4,3352.3,1.6,105.2,0.6,0.0,46989.6,6830.1,28356.6,11803.0,383.6,266.7,29.3,6098.4,765.1,4169.5,1163.8,62.9,512.7,3.2
1992 Mar,74338.4,72840.9,1497.6,15392.0,1049.0,14341.8,1.2,0.0,0.0,0.0,4955.2,992.9,3960.1,2.2,122.0,0.1,0.0,47987.5,7430.7,28862.9,11694.0,463.0,288.2,31.5,6003.7,799.5,4040.9,1163.3,82.1,508.8,1.9
1992 Apr,74706.2,73301.2,1404.9,15657.0,972.2,14683.6,1.2,0.0,0.0,0.0,4720.5,870.4,3848.3,1.9,159.5,0.2,0.0,48360.5,7225.9,29391.1,11743.6,346.2,305.2,27.3,5968.1,727.0,4066.7,1174.4,93.8,470.9,1.9
1992 May,75753.7,74451.2,1302.5,16055.8,918.8,15135.8,1.2,0.0,0.0,0.0,4708.5,1062.2,3644.4,1.9,119.1,0.2,0.0,48919.9,7384.5,29785.4,11750.0,375.9,294.8,27.9,6069.5,850.2,4028.3,1191.0,76.9,405.3,2.4
1992 Jun,76303.2,74981.5,1321.6,16200.3,1000.3,15198.8,1.2,0.0,0.0,0.0,4566.8,1034.5,3531.5,0.7,118.4,0.2,0.0,49440.9,7655.4,29857.8,11927.7,428.5,298.1,23.6,6095.2,830.8,4060.3,1204.1,73.7,377.0,2.1
1992 Jul,77192.4,75873.7,1318.7,16370.6,1249.7,15119.7,1.2,0.0,0.0,0.0,4982.8,1034.7,3947.0,1.0,120.3,0.5,0.0,49876.3,7745.6,29804.4,12326.3,424.0,298.1,20.3,5962.7,772.3,3902.2,1288.2,70.1,383.4,2.0
1992 Aug,77567.0,76148.6,1418.5,16372.5,1147.3,15224.0,1.2,0.0,0.0,0.0,5332.5,1062.3,4269.2,1.0,139.0,0.2,0.0,49915.4,7676.0,29884.1,12355.2,521.0,272.0,19.7,5946.6,805.3,3838.6,1302.7,101.8,359.7,5.0
1992 Sep,78157.1,76779.2,1377.9,16770.6,1763.4,15006.1,1.1,0.0,0.0,0.0,5327.2,1081.8,4244.3,1.0,145.4,0.5,0.0,50014.9,7997.5,29530.3,12487.1,458.3,254.5,20.2,6044.4,890.8,3812.0,1341.6,69.4,427.6,2.0
1992 Oct,78292.8,76967.4,1325.4,16594.6,1576.2,15017.2,1.2,0.0,0.0,0.0,5333.3,976.7,4355.4,1.2,137.1,4.2,0.0,50340.0,8032.8,29646.6,12660.5,464.4,210.6,18.6,6024.9,865.7,3782.6,1376.6,81.4,407.0,2.1
1992 Nov,78146.8,77003.0,1143.7,16382.9,1369.8,15011.9,1.3,0.0,0.0,0.0,5128.4,1066.5,4060.8,1.0,90.8,0.6,0.0,50568.9,8083.0,29654.9,12831.0,330.9,205.2,29.0,6066.5,884.9,3800.0,1381.6,71.3,414.1,1.8
1992 Dec,78483.2,77323.3,1159.9,15603.6,1440.7,14161.7,1.2,0.0,0.0,0.0,5390.4,919.7,4468.7,2.0,99.7,0.2,0.0,51460.8,8455.6,29711.8,13293.4,339.5,219.7,19.3,6028.4,819.0,3794.7,1414.7,66.1,410.8,4.7
1993 Jan,77659.0,76497.9,1161.1,15271.7,1580.0,13690.5,1.2,0.0,0.0,0.0,4768.1,1002.3,3764.3,1.5,99.0,0.2,0.0,51532.0,8184.3,29855.3,13492.3,342.9,208.3,24.7,6087.2,836.2,3819.5,1431.6,70.3,411.6,4.1
1993 Feb,77592.2,76385.5,1206.6,15203.6,1476.2,13726.2,1.2,0.0,0.0,0.0,4529.6,1195.1,3331.7,2.8,110.3,0.3,0.0,51693.7,7995.9,30070.8,13627.0,370.4,204.2,25.6,6165.3,879.3,3860.9,1425.2,80.1,412.7,3.1
1993 Mar,78568.5,77377.3,1191.2,15089.5,1342.5,13745.7,1.2,0.0,0.0,0.0,4661.4,1215.9,3443.9,1.7,103.7,0.2,0.0,52738.4,8397.5,30657.6,13683.3,344.1,186.8,29.2,6079.2,874.2,3774.6,1430.4,70.0,453.9,3.4
1993 Apr,79511.0,78249.6,1261.4,15076.3,1234.0,13841.1,1.2,0.0,0.0,0.0,4546.5,1178.5,3366.7,1.2,103.0,3.4,0.0,53568.5,8975.6,30874.4,13718.5,438.1,184.7,27.1,6319.7,971.7,3894.8,1453.3,65.1,435.5,4.5
1993 May,80606.5,79438.3,1168.2,15064.2,1018.9,14044.1,1.3,0.0,0.0,0.0,4573.0,1176.3,3395.3,1.3,100.6,6.5,0.0,54513.3,9098.3,31360.2,14054.9,365.5,176.2,26.2,6455.9,1001.2,4006.3,1448.4,67.7,421.0,4.5
1993 Jun,80806.8,79677.8,1129.0,15027.2,1087.1,13938.9,1.2,0.0,0.0,0.0,4914.5,1332.8,3580.5,1.2,103.1,6.5,0.0,54515.5,8999.5,31451.5,14064.4,365.0,173.5,23.1,6349.6,1021.8,3846.2,1481.6,63.1,388.4,6.4
1993 Jul,80772.4,79712.4,1060.0,15033.0,1237.1,13794.7,1.2,0.0,0.0,0.0,4779.6,1061.9,3716.4,1.2,53.1,10.3,0.0,54647.7,9003.2,31584.3,14060.1,364.2,167.4,26.5,6312.1,998.6,3793.9,1519.6,66.2,358.9,13.3
1993 Aug,82049.0,80979.9,1069.1,14997.7,1261.9,13734.6,1.2,0.0,0.0,0.0,5144.3,1075.0,4068.0,1.2,42.4,13.7,0.0,55269.3,9266.4,31659.8,14343.1,390.6,178.3,21.6,6637.8,1134.6,3973.8,1529.3,76.2,337.7,8.5
1993 Sep,83187.7,82168.2,1019.5,14811.4,1090.3,13720.0,1.2,0.0,0.0,0.0,6411.8,1410.0,5000.6,1.2,45.6,13.9,0.0,55255.6,9512.6,30942.6,14800.4,403.0,178.2,23.4,6709.0,1174.2,3962.6,1572.1,96.6,253.9,4.9
1993 Oct,85938.4,84936.8,1001.6,14499.9,2347.3,12151.4,1.2,0.0,0.0,0.0,6362.1,2124.6,4236.2,1.2,44.2,9.9,0.0,58279.9,13203.8,29114.3,15961.9,396.6,175.9,29.3,6796.5,1546.6,3663.7,1586.2,99.7,241.7,4.4
1993 Nov,85341.4,84404.9,936.5,14927.6,1265.4,13662.0,0.2,0.0,0.0,0.0,6825.9,1845.6,4978.9,1.4,38.3,2.6,0.0,56948.1,10758.1,29420.4,16769.5,411.6,154.2,19.2,6639.8,1342.5,3728.0,1569.3,77.1,228.7,4.8
1993 Dec,85400.8,84415.1,985.7,14082.0,1184.8,12897.1,0.2,0.0,0.0,0.0,5943.1,1672.4,4269.4,1.4,41.0,2.4,0.0,58713.5,11419.4,29203.9,18090.2,418.2,156.5,30.9,6662.2,1488.9,3507.6,1665.7,100.8,229.9,6.0
1994 Jan,84671.2,83695.7,975.5,14286.1,1229.3,13056.6,0.2,0.0,0.0,0.0,5939.3,1720.8,4217.2,1.4,36.5,2.7,0.0,57849.9,11200.4,29432.0,17217.5,444.0,142.9,19.3,6595.9,1309.9,3689.8,1596.1,95.3,227.4,7.3
1994 Feb,84611.1,83662.6,948.4,14401.8,1317.5,13084.2,0.2,0.0,0.0,0.0,5577.7,1597.2,3979.1,1.4,36.8,2.3,0.0,57977.8,10588.8,30405.9,16983.2,426.1,142.6,23.0,6653.7,1241.4,3842.4,1569.9,88.6,220.3,8.8
1994 Mar,86070.2,85089.1,981.1,15129.9,1530.8,13598.9,0.2,0.0,0.0,0.0,6687.5,1923.7,4762.1,1.6,39.7,2.3,0.0,57639.2,10773.1,30643.3,16222.9,429.4,137.4,39.3,6613.6,1183.5,3858.5,1571.6,84.3,215.6,33.0
1994 Apr,87028.7,86069.8,958.9,15170.6,1209.0,13961.5,0.1,0.0,0.0,0.0,7253.6,1560.5,5691.3,1.8,42.4,6.5,0.0,57664.5,10321.2,31354.7,15988.6,418.2,135.6,32.0,6940.0,1226.6,4114.8,1598.6,92.0,213.8,18.3
1994 May,88963.6,88030.4,933.2,15533.2,1220.6,14308.6,4.0,0.0,0.0,0.0,7469.0,1837.4,5485.4,146.3,38.6,1.1,0.0,58739.9,10412.0,32562.3,15765.5,401.5,136.1,50.1,7221.5,1245.9,4378.2,1597.4,82.3,213.5,9.9
1994 Jun,90063.2,89071.0,992.2,15852.7,1311.6,14539.4,1.8,0.0,0.0,0.0,7190.1,1758.8,5295.5,135.8,42.7,2.8,0.0,59855.1,10864.5,33229.7,15760.8,430.2,142.4,40.7,7165.2,1279.5,4274.3,1611.4,109.9,211.9,11.7
1994 Jul,91799.7,90813.2,986.5,16007.5,1434.7,14571.8,1.0,0.0,0.0,0.0,7712.7,1488.0,6089.8,135.0,41.7,2.4,0.0,60539.2,10738.5,34117.3,15683.4,435.8,139.1,30.4,7540.3,1278.9,4595.7,1665.6,107.9,211.5,17.9
1994 Aug,93073.7,92085.4,988.3,16060.5,1225.0,14835.0,0.5,0.0,0.0,0.0,6853.4,1694.0,5091.6,67.8,39.2,3.8,0.0,62277.8,11053.6,35019.6,16204.6,451.5,141.9,44.2,7882.0,1236.9,4972.4,1672.7,91.3,204.8,11.7
1994 Sep,95042.2,94012.6,1029.5,16722.9,1852.5,14869.2,1.3,0.0,0.0,0.0,7142.3,1540.7,5552.7,49.0,46.8,6.9,0.0,63118.8,11260.8,35429.7,16428.2,436.4,138.3,39.1,8058.2,1448.0,4887.5,1722.8,142.1,196.8,23.1
1994 Oct,95494.6,94449.5,1045.1,15858.6,1425.7,14430.7,2.2,0.0,0.0,0.0,7927.4,2014.6,5802.2,110.7,38.9,4.9,0.0,63447.3,11455.7,35509.4,16482.2,486.2,140.2,30.5,8261.2,1389.3,5099.6,1772.4,141.7,192.9,9.8
1994 Nov,97436.8,96505.4,931.4,16581.3,1085.5,15494.3,1.5,0.0,0.0,0.0,7886.1,1887.3,5959.0,39.8,36.1,5.7,0.0,64606.1,11525.5,37148.9,15931.6,434.2,126.9,25.6,8363.3,1352.8,5242.1,1768.5,99.3,192.9,10.6
1994 Dec,99032.2,98035.5,996.7,16262.6,1143.0,15117.8,1.8,0.0,0.0,0.0,8525.9,1879.6,6536.0,110.3,36.5,7.4,0.0,65762.3,11463.3,38059.2,16239.8,436.8,130.3,28.4,8481.5,1301.8,5370.2,1809.5,102.4,245.8,9.1
1995 Jan,99575.0,98526.3,1048.6,16539.5,2017.2,14520.5,1.7,0.0,0.0,0.0,8216.5,1766.8,6238.7,210.9,36.6,7.2,0.0,66141.4,11598.1,37828.8,16714.5,481.4,132.5,26.2,8677.6,1390.9,5377.5,1909.2,109.2,235.9,19.7
1995 Feb,100283.6,99113.5,1170.1,16956.6,1543.5,15411.9,1.3,0.0,0.0,0.0,7594.1,1599.1,5835.7,159.3,36.0,7.4,0.0,66605.1,11454.3,37790.2,17360.6,525.8,122.6,136.5,9127.9,1524.0,5534.0,2069.8,116.0,193.8,32.0
1995 Mar,100332.1,99311.8,1020.3,14786.0,1942.9,12841.7,1.4,0.0,0.0,0.0,8412.9,1815.4,6407.8,189.6,38.5,8.7,0.0,67938.7,11348.8,38998.8,17591.1,483.8,120.8,34.4,9194.5,1382.0,5649.8,2162.8,101.1,200.6,32.4
1995 Apr,102061.5,101042.0,1019.6,14901.1,2313.1,12586.4,1.5,0.0,0.0,0.0,8610.1,1999.9,6395.1,215.1,44.2,9.3,0.0,69006.3,11394.2,39596.7,18015.3,489.5,122.5,39.7,9544.1,1450.0,5834.1,2260.0,91.1,196.5,26.8
1995 May,103399.6,102350.3,1049.3,14206.3,2240.4,11964.9,1.0,0.0,0.0,0.0,8793.3,2393.4,6179.6,220.4,40.2,9.4,0.0,70665.8,12603.1,39079.6,18983.0,510.0,122.6,36.9,9734.2,1456.5,5726.5,2551.2,116.0,195.5,18.7
1995 Jun,103653.7,102627.9,1025.8,15140.4,1884.6,13255.0,0.8,0.0,0.0,0.0,9275.5,1782.0,7266.6,226.9,48.8,11.1,0.0,69742.4,12215.6,38764.1,18762.6,499.4,119.8,41.0,9495.4,1289.2,5528.9,2677.2,92.2,194.9,18.6
1995 Jul,102634.2,101600.7,1033.5,14607.2,1772.8,12833.4,1.0,0.0,0.0,0.0,8624.6,1768.4,6611.1,245.2,40.1,10.1,0.0,69573.6,11938.0,38489.1,19146.5,518.9,113.4,27.9,9828.7,1365.3,5804.2,2659.3,95.1,218.5,9.4
1995 Aug,104333.1,103094.7,1238.4,15277.6,2095.8,13180.8,1.0,0.0,0.0,0.0,8697.6,1879.9,6591.3,226.4,38.0,12.4,0.0,70353.0,12141.6,38535.3,19676.1,527.1,115.7,56.5,10004.9,1292.5,5921.4,2791.0,168.8,309.8,10.1
1995 Sep,104538.7,103478.6,1060.1,15170.6,1938.1,13231.6,1.0,0.0,0.0,0.0,9130.0,1908.4,6949.2,272.4,32.0,15.9,0.0,70280.1,12158.2,38281.5,19840.4,541.9,114.2,31.3,9958.0,1403.7,5770.1,2784.3,95.6,218.4,10.7
1995 Oct,104716.9,103616.2,1100.7,15554.9,2168.0,13386.0,0.9,0.0,0.0,0.0,9183.3,1649.6,7256.5,277.2,10.9,15.4,0.0,70222.2,12285.0,37955.0,19982.2,574.5,116.7,33.8,9756.6,1163.1,5775.0,2818.4,115.9,222.8,10.8
1995 Nov,106226.9,105159.3,1067.7,15800.2,1521.0,14278.2,1.1,0.0,0.0,0.0,9315.1,1631.5,7442.0,241.7,14.8,14.1,0.0,71087.4,12453.9,38418.0,20215.5,550.0,116.9,32.4,10024.2,1112.8,6059.3,2852.1,106.4,220.5,12.6
1995 Dec,108885.5,107833.0,1052.6,16507.1,1764.3,14738.8,4.1,0.0,0.0,0.0,10280.1,1984.5,8215.4,80.3,16.7,8.1,0.0,71998.2,12610.5,38576.3,20811.5,558.4,120.8,22.3,10100.0,1178.7,5859.1,3062.2,97.2,216.3,12.7
1996 Jan,108719.4,107647.0,1072.4,15206.5,1865.8,13337.3,3.5,0.0,0.0,0.0,9586.1,2354.0,7168.2,63.9,16.0,6.4,0.0,73602.0,13094.5,38800.9,21706.7,562.6,119.5,28.8,10324.8,1218.5,5999.1,3107.2,117.8,204.5,16.9
1996 Feb,110607.4,109522.6,1084.9,16458.3,3247.4,13207.4,3.5,0.0,0.0,0.0,9891.6,2158.3,7636.4,96.9,18.3,5.2,0.0,73894.2,12720.2,38947.2,22226.8,592.3,118.4,21.3,10363.3,1106.2,6062.3,3194.8,110.3,202.8,16.3
1996 Mar,110933.3,109867.8,1065.5,15258.3,1707.6,13547.8,2.9,0.0,0.0,0.0,11128.0,2202.7,8861.1,64.2,22.2,5.8,0.0,74339.3,12636.6,39650.8,22051.8,572.9,133.1,22.7,10207.8,1008.7,5909.7,3289.5,106.0,189.6,13.2
1996 Apr,112888.6,111770.8,1117.8,15525.7,2198.8,13321.4,5.5,0.0,0.0,0.0,11133.6,2065.8,8978.5,89.2,20.3,8.2,0.0,75591.0,13207.2,39729.4,22654.4,589.8,141.8,43.5,10638.3,1139.8,6140.6,3357.9,119.9,186.7,7.6
1996 May,114253.2,113175.0,1078.2,15940.3,2096.4,13837.4,6.5,2.7,0.0,0.0,11054.0,2041.6,8935.0,77.4,16.2,15.3,0.0,76364.0,12973.0,40518.4,22872.6,565.2,113.7,44.6,10894.9,1152.9,6320.3,3421.7,111.8,200.3,8.4
1996 Jun,114746.3,113516.7,1229.6,16072.1,1886.3,14178.9,6.9,2.7,0.0,0.0,10825.7,1909.9,8862.5,53.4,21.8,16.2,0.0,77233.5,13534.9,40822.2,22876.5,716.9,119.1,28.8,10614.9,1148.8,5977.7,3488.4,112.4,204.9,6.8
1996 Jul,115647.8,114549.1,1098.7,16080.1,1949.5,14126.5,4.0,2.4,0.0,0.0,11235.1,2009.3,9164.7,61.0,16.7,26.5,0.0,77586.4,13226.7,41431.0,22928.8,554.0,114.5,47.1,10746.2,1180.3,6055.2,3510.7,111.2,217.7,8.7
1996 Aug,115741.8,114687.0,1054.8,16430.9,2162.6,14265.4,2.8,0.0,0.0,0.0,10748.0,1837.1,8811.4,99.5,19.7,17.8,0.0,78001.0,13111.1,41736.0,23153.9,540.9,111.8,37.3,10561.9,1077.3,6009.9,3474.7,96.6,221.1,9.6
1996 Sep,115384.4,114293.7,1090.7,16142.6,2505.6,13635.9,1.2,0.0,0.0,0.0,10671.7,1770.3,8800.6,100.8,22.4,8.3,0.0,78408.1,13103.1,42092.3,23212.6,597.7,111.3,24.2,10162.0,1027.4,5630.7,3503.9,91.5,226.5,8.7
1996 Oct,115553.8,114488.0,1065.9,15724.8,2214.4,13509.7,0.7,1.6,0.0,0.0,11123.7,2014.3,8994.1,115.4,26.1,10.0,0.0,78356.0,13309.5,41850.7,23195.8,556.1,111.2,22.8,10349.3,1076.0,5790.1,3483.2,112.4,217.5,8.1
1996 Nov,117294.0,116180.1,1113.9,16300.9,2007.9,14291.4,1.6,0.0,0.0,0.0,11556.3,1985.5,9430.3,140.5,25.7,7.6,0.0,78956.0,13419.4,42066.9,23469.8,569.6,115.3,21.3,10480.7,1090.9,5935.2,3454.6,117.9,248.8,7.8
1996 Dec,118201.5,117052.4,1149.1,15824.3,2111.7,13710.8,1.8,0.3,0.0,0.0,11979.4,1991.0,9808.6,179.8,22.2,6.1,0.0,79905.7,13718.2,42288.4,23899.1,628.6,116.3,32.4,10492.1,1041.7,5994.9,3455.5,107.8,223.8,11.6
1997 Jan,118632.7,117471.2,1161.5,15793.7,2075.9,13717.5,0.3,0.0,0.0,0.0,11154.4,2473.7,8457.2,223.5,19.2,1.8,0.0,81026.9,14231.8,42209.8,24585.4,621.0,122.1,19.8,10657.8,1145.0,5958.8,3554.0,130.0,232.5,15.0
1997 Feb,120108.0,118950.2,1157.8,15866.4,2279.9,13586.1,0.3,1.7,0.0,0.0,10651.6,2163.1,8252.5,236.0,36.1,2.5,0.0,82487.5,13780.7,43254.3,25452.6,598.8,122.3,21.4,11102.5,1137.5,6279.2,3685.9,126.0,236.9,12.2
1997 Mar,120011.2,118865.8,1145.4,13403.5,2555.9,10847.2,0.4,0.0,0.0,0.0,11225.5,2119.8,8876.0,229.7,23.6,3.0,0.0,84479.0,14097.2,45436.6,24945.1,617.0,119.7,22.2,10903.2,1283.8,5856.6,3762.8,106.8,239.1,14.0
1997 Apr,119421.9,118308.9,1112.9,12167.1,2058.5,10108.1,0.4,0.0,0.0,0.0,11266.8,2097.7,8920.9,248.2,18.8,2.9,0.0,85218.6,13884.1,46390.5,24944.0,579.0,118.0,33.3,10769.3,1090.1,5920.1,3759.2,116.8,233.9,10.3
1997 May,119732.7,118545.5,1187.2,12867.5,1909.2,10957.8,0.5,0.0,0.0,0.0,11411.4,2084.2,9050.3,276.8,24.0,1.9,0.0,84673.4,13622.2,46118.3,24932.9,608.8,122.0,64.4,10780.4,1099.2,5934.8,3746.4,106.7,242.9,16.5
1997 Jun,119668.3,118433.5,1234.8,12722.7,1685.1,11037.1,0.5,27.1,0.0,0.0,11042.6,2242.6,8511.2,288.8,29.2,3.2,0.0,85456.4,14381.9,46362.8,24711.7,634.0,128.2,46.5,10446.6,1008.8,5741.6,3696.2,110.9,245.8,10.0
1997 Jul,121287.6,120004.1,1283.4,12812.9,1866.3,10946.0,0.5,0.2,0.0,0.0,11563.2,2129.5,9143.4,290.3,26.9,3.2,0.0,86116.7,14341.4,47063.9,24711.4,667.7,130.6,46.7,10794.8,1044.3,6080.6,3670.0,133.9,256.3,18.0
1997 Aug,122335.1,120970.6,1364.5,14199.0,2265.3,11933.2,0.5,0.3,0.0,0.0,11702.6,2080.5,9443.8,178.2,76.1,3.2,0.0,85811.4,13825.2,47478.4,24507.8,660.9,146.8,87.4,10622.1,1001.2,5977.7,3643.2,128.4,245.8,15.6
1997 Sep,121839.5,120630.6,1208.9,13109.5,2128.0,10981.1,0.4,0.2,0.0,0.0,11444.6,1778.7,9446.4,219.5,44.9,5.0,0.5,86547.9,14405.1,48106.5,24036.3,581.7,142.8,66.7,10737.5,1060.4,6161.7,3515.4,110.5,238.1,18.3
1997 Oct,121969.4,120566.2,1403.1,12408.7,1531.9,10876.5,0.4,1.3,0.0,0.0,12258.0,2020.9,10136.8,100.2,26.7,2.1,0.5,86812.3,14238.3,48958.4,23615.6,745.8,151.3,64.7,10490.4,963.0,6085.4,3442.0,128.5,246.5,35.7
1997 Nov,123111.6,121859.3,1252.3,13239.5,1905.0,11334.2,0.4,0.6,0.0,0.0,12216.3,1931.1,10210.8,74.4,43.1,4.9,0.6,86975.0,13741.7,49849.8,23383.4,622.1,156.3,32.7,10680.8,939.0,6327.5,3414.3,114.4,244.4,33.3
1997 Dec,124143.0,122872.6,1270.5,12428.8,1573.0,10855.6,0.2,2.0,0.0,0.0,13115.9,1920.0,11107.6,88.2,31.1,3.0,0.5,88091.1,13930.2,51654.7,22506.2,666.2,158.3,29.5,10507.3,874.1,6471.2,3162.1,109.9,265.6,4.2
1998 Jan,124040.5,122601.0,1439.5,12291.1,1642.7,10648.2,0.2,3.3,0.0,0.0,12603.7,1899.0,10575.9,128.9,57.6,30.0,0.6,88763.5,13003.0,54461.5,21299.0,751.1,175.2,25.7,10382.2,848.1,6585.3,2948.8,124.8,266.3,4.9
1998 Feb,127408.4,126161.0,1247.4,13069.4,2116.6,10952.6,0.1,4.2,0.0,0.0,13388.5,1945.6,11299.2,143.7,35.7,26.5,0.5,90493.1,12389.7,56527.1,21576.3,610.7,166.0,24.2,10457.5,881.3,6670.9,2905.3,118.7,255.7,5.3
1998 Mar,130349.8,129094.7,1255.1,14079.0,3610.7,10468.2,0.1,1.9,0.0,0.0,14639.1,1970.8,12531.8,136.5,22.4,25.0,0.5,91240.4,12628.3,57479.4,21132.7,591.8,166.6,36.3,10391.2,972.1,6530.6,2888.5,157.9,246.9,5.7
1998 Apr,128563.3,127610.9,952.5,12337.2,2394.0,9943.1,0.1,1.6,0.0,0.0,14101.2,1678.8,12319.6,102.7,5.1,7.2,0.5,92129.4,13246.5,58026.6,20856.3,418.8,155.0,28.7,9995.6,798.9,6346.0,2850.7,88.5,243.1,3.9
1998 May,129726.1,128729.9,996.2,12362.5,1825.8,10536.6,0.2,0.8,0.0,0.0,14237.2,1705.1,12438.4,93.7,7.5,11.0,0.6,92842.3,12002.2,60291.1,20549.0,458.5,164.6,27.9,10284.0,849.6,6598.4,2836.0,70.3,248.6,6.6
1998 Jun,130363.6,129373.7,989.8,12320.3,1713.2,10606.3,0.7,0.8,0.0,0.0,14654.9,1763.6,12803.7,87.6,8.1,12.4,0.5,93000.8,11952.2,60979.5,20069.0,426.7,176.0,27.0,10387.5,849.2,6752.5,2785.8,83.6,246.9,7.9
1998 Jul,133077.2,132053.4,1023.8,12532.1,1712.0,10819.2,0.9,0.8,0.0,0.0,15275.0,1869.6,13259.0,146.3,10.6,26.5,0.6,94677.9,12037.6,62145.9,20494.4,412.0,172.7,37.5,10592.3,812.1,6938.8,2841.4,95.4,257.4,10.4
1998 Aug,133044.5,132019.0,1025.5,12030.1,1974.1,10055.2,0.8,0.8,0.0,0.0,15258.8,1922.5,13150.8,185.6,9.0,12.3,0.0,95318.9,12051.5,62635.2,20632.2,450.2,168.5,27.6,10436.7,748.2,6817.0,2871.4,81.8,262.0,13.2
1998 Sep,133827.5,132854.1,973.4,12468.4,1590.1,10877.5,0.8,0.8,0.0,0.0,15442.1,1952.7,13398.5,90.9,12.9,7.9,0.2,95763.7,11801.9,63155.2,20806.7,399.8,171.5,25.9,10153.4,794.8,6545.5,2813.0,86.2,259.3,8.9
1998 Oct,134616.3,133649.3,966.9,12591.6,2001.2,10589.5,0.9,13.3,0.0,0.0,14794.8,2090.5,12593.8,110.5,8.1,15.0,0.1,96858.1,12176.2,62816.3,21865.6,374.5,174.0,22.5,10371.7,862.1,6623.8,2885.8,91.3,259.5,8.7
1998 Nov,159328.5,158318.8,1009.7,12257.2,2174.3,10079.2,3.6,2.1,0.0,0.0,13631.0,1857.8,11621.9,151.3,6.2,29.7,0.0,122935.9,12820.0,61108.7,49007.2,401.4,171.0,24.8,10504.5,929.6,6140.8,3434.1,105.4,260.3,8.8
1998 Dec,162310.3,161296.8,1013.6,12183.7,2165.1,10004.2,14.4,0.2,0.0,0.0,13961.2,1820.6,11987.0,153.6,5.8,35.5,0.0,125684.2,13569.6,60607.6,51506.9,401.6,174.8,22.4,10481.2,871.8,6059.3,3550.2,77.5,287.1,8.6
1999 Jan,162681.2,161727.9,953.3,11468.3,2283.0,9166.0,19.3,0.4,0.0,0.0,13754.2,1887.3,11698.8,168.1,15.4,12.4,0.0,126969.9,14275.7,59596.1,53098.1,376.9,177.7,21.1,10488.8,949.0,5824.0,3715.7,79.2,261.7,8.5
1999 Feb,163635.4,162645.6,989.8,12567.2,2681.6,9870.8,14.8,0.3,0.0,0.0,13784.5,1842.6,11737.9,204.0,21.2,10.2,0.0,126716.2,13728.1,59146.0,53842.1,370.4,168.0,19.1,10567.5,865.2,5887.7,3814.5,83.9,308.1,8.6
1999 Mar,165236.7,164246.6,990.0,12992.5,3503.6,9469.8,19.1,0.3,0.0,0.0,14317.6,2056.0,12171.6,90.0,14.0,17.8,0.0,127548.3,14277.8,58673.9,54596.6,375.4,174.6,16.9,10378.3,941.6,5553.2,3883.5,81.5,300.3,9.2
1999 Apr,165777.6,164768.3,1009.3,11802.3,2776.7,9006.5,19.1,0.3,0.0,0.0,14514.7,2017.2,12411.5,86.1,16.6,52.1,0.0,129145.2,14360.8,57991.6,56792.8,356.3,168.7,19.3,10315.4,992.6,5283.9,4038.9,75.5,310.7,9.8
1999 May,168307.8,167252.4,1055.4,11818.2,2463.3,9340.7,14.2,0.3,0.0,0.0,14588.4,1810.6,12668.3,109.6,12.7,23.9,0.0,131242.9,15005.4,58344.1,57893.5,425.5,172.0,21.8,10658.2,1141.6,5388.8,4127.8,72.9,316.5,9.8
1999 Jun,169090.8,168064.9,1025.9,12282.0,2485.3,9781.4,15.2,0.6,0.0,0.0,14555.4,2186.9,12108.8,259.7,8.2,50.8,0.0,131806.2,15223.3,58122.4,58460.6,405.8,182.2,23.0,10447.2,1125.7,5178.9,4142.7,65.5,280.0,9.8
1999 Jul,169730.0,168694.9,1035.0,11436.2,2057.1,9362.6,16.5,0.4,0.0,0.0,15940.5,2225.1,13559.4,156.0,35.8,22.7,0.0,132142.7,15835.9,58706.9,57599.8,378.8,186.7,20.8,10210.6,974.1,5124.5,4112.1,72.9,307.2,9.6
1999 Aug,171254.2,170246.9,1007.3,12057.9,2530.6,9512.7,14.6,0.5,0.0,0.0,16804.1,1863.3,14731.4,209.4,8.9,21.1,0.0,132164.7,14774.0,59954.4,57436.4,374.6,182.5,19.8,10227.6,979.9,5196.9,4050.7,68.6,321.7,9.4
1999 Sep,170824.4,169818.9,1005.5,11437.0,1756.8,9666.2,14.0,0.3,0.0,0.0,16870.5,1912.0,14859.9,98.6,13.4,8.7,0.0,132363.6,15130.6,60768.7,56464.2,424.1,179.9,21.3,10153.3,976.2,5142.0,4035.2,58.2,291.6,8.0
1999 Oct,169850.5,168785.4,1065.0,10569.8,1993.5,8560.7,15.6,0.1,0.0,0.0,17383.9,1853.7,15435.8,94.5,11.6,22.0,0.2,131919.1,14813.1,60855.8,56250.3,438.6,216.1,19.9,9977.6,859.8,5141.3,3976.6,60.3,288.0,8.4
1999 Nov,170087.1,169032.5,1054.6,11067.0,2039.6,9014.9,12.5,0.0,0.0,0.0,17066.6,2040.3,14954.3,72.0,14.2,11.2,0.3,131942.9,15697.7,60492.2,55753.1,455.6,190.7,20.6,10010.5,931.6,5201.5,3877.3,52.4,300.0,9.3
1999 Dec,174454.1,173393.6,1060.5,11763.2,2138.7,9615.2,9.3,0.0,0.0,0.0,19017.3,2673.3,16257.8,86.2,17.9,10.1,0.0,133462.2,15747.3,60981.3,56733.7,465.6,170.2,25.2,10211.3,1116.7,5264.5,3830.2,67.0,296.1,8.3
2000 Jan,174158.5,173075.1,1083.3,10965.0,2085.2,8875.1,4.8,0.0,0.0,0.0,19827.7,2303.2,17497.6,26.9,18.6,12.2,0.0,133009.7,16078.2,59962.0,56969.5,463.9,170.4,23.0,10356.0,1007.4,5480.8,3867.8,60.8,326.3,8.2
2000 Feb,173881.1,172770.2,1110.8,11563.8,2527.7,9032.2,3.9,0.0,0.0,0.0,19448.5,2153.3,17258.2,37.0,16.7,18.1,0.0,132199.4,15604.5,59814.0,56781.0,466.0,171.8,23.4,10669.4,989.2,5811.2,3869.0,79.6,327.0,8.2
2000 Mar,174101.3,173027.2,1074.1,13255.7,3829.2,9419.8,6.7,0.0,0.0,0.0,19077.7,2208.7,16822.3,46.6,14.3,45.2,0.0,131153.7,16195.5,59123.0,55835.2,413.6,170.9,23.8,10614.3,1141.6,5585.3,3887.4,82.6,313.9,9.8
2000 Apr,170332.7,169267.0,1065.7,11629.8,2307.5,9314.8,7.5,0.1,0.0,0.0,18364.6,2268.5,15986.0,110.1,22.8,44.3,0.0,129972.0,15853.5,58624.6,55493.9,426.9,159.7,24.8,10366.3,962.3,5634.9,3769.2,64.2,315.1,7.9
2000 May,170479.8,169431.1,1048.7,11732.7,2285.6,9437.1,9.9,0.0,0.0,0.0,18467.2,2225.6,16133.7,107.8,17.3,17.0,0.0,129692.5,15998.7,59458.8,54235.0,437.4,160.3,22.7,10587.4,1107.0,5733.3,3747.2,55.1,330.3,8.5
2000 Jun,172154.8,171131.0,1023.8,11728.1,2591.3,9133.7,3.1,0.0,0.0,0.0,18866.2,3089.8,15774.5,1.9,20.2,16.8,0.0,131508.6,17203.7,60424.2,53880.7,411.4,165.4,24.4,10051.9,1009.6,5299.4,3743.0,64.7,312.3,8.6
2000 Jul,170690.6,169612.4,1078.2,10774.9,2054.0,8718.5,2.4,0.0,0.0,0.0,18490.9,2328.2,16160.8,1.9,15.2,17.1,0.0,131003.3,17761.6,59205.0,54036.7,470.3,163.5,26.5,10421.5,1036.8,5617.8,3766.9,64.4,312.2,8.9
2000 Aug,169264.8,168170.5,1094.3,10785.6,2051.5,8732.0,2.1,0.4,0.0,0.0,17679.3,2437.9,15239.2,2.2,13.9,17.3,0.0,130313.6,16924.3,59645.4,53743.9,442.5,186.6,22.2,10486.2,1080.8,5720.4,3685.0,61.9,341.3,8.2
2000 Sep,166790.0,165738.6,1051.3,9943.9,1911.1,8029.9,2.9,0.0,0.0,0.0,17083.3,2125.4,14955.8,2.2,17.5,18.5,0.0,129694.2,17312.5,59178.8,53202.8,425.6,171.2,24.5,10068.6,1011.4,5394.1,3663.1,92.6,293.2,8.2
2000 Oct,166944.0,165887.1,1057.0,10751.6,2128.2,8621.0,2.4,0.0,0.0,0.0,16668.7,2352.4,14314.2,2.1,18.6,18.6,0.0,128847.3,17521.6,58576.0,52749.7,443.7,170.3,21.3,10676.4,1076.4,5951.4,3648.7,84.9,289.8,9.8
2000 Nov,169370.2,168287.0,1083.2,11285.9,1990.3,9291.4,4.3,0.1,0.0,0.0,17240.7,2435.9,14802.6,2.1,21.0,19.9,0.0,130108.5,18114.3,59470.2,52524.1,468.4,169.3,26.0,10735.0,1067.8,6025.6,3641.7,87.1,282.7,8.8
2000 Dec,171316.4,170226.3,1090.1,11413.8,2063.9,9346.2,3.7,0.0,0.0,0.0,16829.2,2392.6,14434.4,2.1,15.8,17.1,0.0,132516.1,18094.8,60149.2,54272.0,459.8,192.5,22.5,10557.4,1098.6,5844.7,3614.0,87.0,286.8,8.6
2001 Jan,174497.1,173352.5,1144.6,11480.2,2280.6,9196.1,3.4,0.1,0.0,0.0,18545.7,2549.0,15994.5,2.1,21.2,18.1,0.0,133732.1,18761.1,60531.4,54439.7,483.3,205.9,19.1,10739.1,1047.6,6083.9,3607.5,99.1,288.8,8.9
2001 Feb,175798.5,174698.9,1099.6,12011.7,2180.4,9828.4,2.9,0.0,0.0,0.0,19116.4,2843.8,16271.3,1.3,18.0,3.5,0.0,133763.7,17984.4,60128.0,55651.3,456.4,189.8,22.1,10906.7,1049.4,6101.9,3755.4,104.2,293.1,12.5
2001 Mar,177208.1,176135.4,1072.7,12533.0,2871.8,9654.0,7.2,1.0,0.0,0.0,18907.6,2648.0,16258.2,1.3,14.8,13.3,0.0,135237.8,18473.1,61477.6,55287.2,428.9,194.5,23.0,10529.7,975.1,5782.8,3771.8,51.2,333.5,12.5
2001 Apr,178671.3,177480.8,1190.6,12842.9,2088.6,10751.2,3.1,0.1,0.0,0.0,19901.7,2774.4,17126.0,1.3,25.4,5.8,0.0,134854.0,18513.0,60922.6,55418.5,534.0,193.3,21.1,11072.8,1095.4,6173.1,3804.3,63.1,334.7,13.1
2001 May,178946.4,177850.2,1096.2,13058.6,3042.5,10014.5,1.7,0.2,0.0,0.0,19895.0,3047.8,16845.8,1.4,8.0,30.6,0.1,134793.8,18144.5,61167.6,55481.7,449.6,188.5,17.4,11199.0,1050.5,6266.9,3881.6,54.7,335.4,11.6
2001 Jun,176310.6,175209.3,1101.3,11563.4,2073.9,9488.0,1.5,0.2,0.0,0.0,17230.3,3043.3,14185.5,1.4,6.7,14.5,0.0,136701.8,18388.9,62204.9,56108.0,448.9,187.8,20.8,10815.1,1068.3,5829.2,3917.6,69.9,341.6,11.0
2001 Jul,172425.9,171261.7,1164.2,11027.9,2021.3,9004.5,2.1,0.1,0.0,0.0,16671.3,2680.0,13991.0,0.3,6.2,12.4,0.0,133967.3,18070.2,59802.7,56094.4,510.4,176.7,33.6,10759.4,1060.2,5857.7,3841.5,63.0,346.7,15.3
2001 Aug,173486.2,172348.0,1138.2,11569.4,2520.1,9046.6,2.8,0.0,0.0,0.0,16694.3,2602.2,14091.8,0.3,3.3,9.1,0.0,134157.4,17656.3,60144.8,56356.3,370.2,182.1,34.3,11065.1,1108.7,6139.6,3816.8,64.8,462.7,11.7
2001 Sep,176572.5,175439.0,1133.5,11356.7,1948.6,9406.8,1.3,0.0,0.0,0.0,18744.4,3526.5,15217.5,0.3,6.9,8.3,0.0,135154.0,18050.5,60319.1,56784.4,365.5,185.1,29.5,11317.4,1258.7,6131.5,3927.2,56.7,471.1,10.4
2001 Oct,177950.0,176790.5,1159.4,11872.4,2596.6,9273.7,2.0,0.0,0.0,0.0,16280.6,2983.2,13297.1,0.3,6.9,9.0,0.0,138139.1,19275.6,60831.3,58032.3,374.4,193.0,29.5,11657.8,1176.2,6285.6,4195.9,58.7,476.7,11.3
2001 Nov,183362.4,182286.7,1075.7,14190.7,2551.3,11637.5,1.9,0.0,0.0,0.0,16780.4,2801.9,13978.3,0.3,7.1,3.4,0.0,140782.4,19615.0,62057.1,59110.2,408.2,191.8,40.6,11608.9,1213.8,6095.3,4299.8,66.9,344.3,13.5
2001 Dec,182551.4,181266.2,1285.2,11650.2,2078.0,9569.3,2.9,0.0,0.0,0.0,16430.8,2897.4,13533.1,0.3,8.4,4.1,0.0,142846.1,19873.1,61661.9,61311.1,473.7,187.6,29.0,11624.3,1118.1,6080.8,4425.4,89.0,475.7,17.7
2002 Jan,181213.8,179998.6,1215.2,11129.7,2300.5,8826.3,3.0,0.0,0.0,0.0,16353.8,2905.2,13447.8,0.8,17.1,3.8,0.0,142026.4,19562.4,60622.4,61841.7,437.9,213.4,26.3,11703.9,1164.9,6112.6,4426.4,104.7,394.1,18.0
2002 Feb,181736.4,180482.5,1253.9,11221.1,2269.5,8948.8,2.8,0.0,0.0,0.0,16184.6,3206.3,12978.0,0.3,16.7,4.6,0.0,141971.3,19589.0,60502.4,61879.8,499.5,185.8,33.5,12359.4,1365.5,6427.5,4566.4,111.8,385.8,16.2
2002 Mar,184438.8,183203.3,1235.5,12413.0,3075.6,9333.8,3.5,0.0,0.0,0.0,16216.5,3124.4,13091.8,0.3,11.6,4.6,0.0,144042.1,18861.3,61280.2,63900.6,438.0,188.1,35.2,11767.3,1177.5,5974.3,4615.5,106.4,435.1,16.4
2002 Apr,182689.2,181507.0,1182.2,11786.6,2018.1,9764.1,4.4,0.0,0.0,0.0,15783.0,3002.1,12780.6,0.3,10.9,4.9,0.0,143245.8,18463.6,61081.8,63700.4,426.8,175.9,38.1,11873.8,1328.3,5938.9,4606.7,121.7,388.0,15.8
2002 May,182821.6,181628.8,1192.8,13079.7,2948.9,10127.0,3.8,0.0,0.0,0.0,16621.7,2941.3,13678.9,1.6,11.7,4.8,0.0,141083.6,18206.5,59852.9,63024.2,430.0,194.2,43.5,12036.6,1231.3,6208.8,4596.5,116.8,376.4,15.2
2002 Jun,180543.8,179345.6,1198.3,12162.4,2151.4,10008.2,2.8,0.0,0.0,0.0,16125.8,2635.4,13490.1,0.3,11.6,3.6,0.0,140855.5,18715.8,59901.4,62238.3,449.9,178.4,42.6,11400.1,1147.5,5636.8,4615.9,120.1,375.6,16.4
2002 Jul,180495.4,179303.7,1191.8,12133.1,2002.9,10127.9,2.3,0.0,0.0,0.0,16340.4,2765.2,13574.9,0.3,11.4,4.8,0.0,140269.2,18622.6,59606.1,62040.6,443.6,192.6,50.1,11752.7,1215.1,5989.5,4548.1,95.6,373.4,20.4
2002 Aug,178242.5,177043.6,1199.0,11812.7,2191.0,9618.7,3.0,0.0,0.0,0.0,16307.6,2373.0,13932.2,2.4,9.8,5.1,0.0,138596.7,18206.1,58553.7,61836.8,470.9,183.0,58.9,11525.6,1129.0,5837.0,4559.5,120.6,330.7,19.9
2002 Sep,177331.4,176061.2,1270.2,11526.5,1844.4,9680.7,1.3,0.0,0.0,0.0,16480.0,2465.9,13977.1,37.0,7.3,5.0,36.7,138320.6,18324.2,58919.3,61077.1,439.1,166.4,102.9,11004.3,1042.0,5511.8,4450.5,106.4,383.2,23.1
2002 Oct,178338.0,177100.4,1237.6,12000.7,1707.5,10291.4,1.8,0.0,0.0,0.0,16278.9,2394.3,13884.1,0.5,5.7,3.6,0.0,139129.9,18645.5,59179.1,61305.2,439.1,168.1,119.2,10928.5,1019.7,5459.0,4449.8,101.9,375.9,24.1
2002 Nov,181028.6,179661.0,1367.6,12614.4,2925.0,9687.5,1.9,0.0,0.0,0.0,16662.3,2600.1,14061.7,0.4,6.6,4.8,0.0,140639.4,19057.5,59807.1,61774.9,531.8,181.8,118.3,11112.5,1154.5,5474.5,4483.5,130.2,370.5,23.6
2002 Dec,180138.4,178691.8,1446.5,11728.8,1785.7,9938.1,4.9,0.0,0.0,0.0,16593.2,2645.8,13946.9,0.5,5.0,14.0,0.0,141168.3,19525.8,58990.6,62651.9,639.8,176.7,119.1,10648.1,1220.7,5003.5,4423.8,98.8,364.4,28.7
2003 Jan,180653.6,179255.6,1398.1,11873.4,1925.5,9942.8,5.0,0.0,0.0,0.0,16624.3,2568.0,14055.8,0.5,8.6,8.4,0.0,141263.7,19104.7,58878.5,63280.6,596.0,185.5,113.9,10892.2,1075.8,5368.5,4448.0,78.1,376.1,31.4
2003 Feb,182529.5,181167.6,1361.9,12274.4,2284.1,9988.7,1.5,0.0,0.0,0.0,16675.6,2594.2,14080.8,0.7,12.3,11.8,0.0,142360.6,19350.1,59390.9,63619.6,514.2,217.8,97.5,11218.9,1114.9,5602.6,4501.5,100.3,378.0,30.0
2003 Mar,184062.3,182717.2,1345.1,12706.2,2648.1,10053.6,4.5,0.0,0.0,0.0,16851.8,2503.8,14334.7,13.3,7.5,11.5,12.7,143599.1,20142.3,59493.4,63963.4,459.5,178.4,87.2,10905.2,1130.5,5249.3,4525.5,129.3,415.1,43.9
2003 Apr,187038.2,185722.5,1315.6,14277.8,3066.0,11207.3,4.5,0.0,0.0,0.0,16361.2,2427.8,13932.7,0.7,8.4,7.2,0.0,145154.9,19944.5,60850.8,64359.6,443.7,194.2,92.0,11244.3,1178.0,5461.7,4604.6,126.1,404.4,39.6
2003 May,188596.8,187187.7,1409.2,15763.2,2880.6,12877.9,4.7,0.0,0.0,0.0,15673.4,2714.0,12939.7,19.8,8.4,13.2,0.0,145747.2,19659.1,61985.6,64102.6,520.3,203.4,100.7,11413.0,1220.0,5633.3,4559.7,141.6,379.9,41.6
2003 Jun,185883.1,184360.3,1522.8,13090.0,2044.9,11035.4,9.7,0.0,0.0,0.0,16152.0,2576.3,13494.0,81.7,10.5,13.6,80.8,145422.9,20151.0,60784.1,64487.7,491.8,209.8,116.9,11218.3,1297.8,5248.0,4672.6,106.3,450.0,43.1
2003 Jul,186255.4,184845.0,1410.4,12230.4,2431.7,9789.0,9.7,0.0,0.0,0.0,15803.3,2950.5,12852.0,0.9,8.8,9.2,0.0,147027.4,20202.3,61087.1,65738.0,503.3,218.1,131.2,11194.2,1238.2,5241.4,4714.6,104.6,384.9,50.3
2003 Aug,185842.4,184444.9,1397.5,11787.9,1994.8,9784.2,9.0,0.0,0.0,0.0,15266.2,2724.6,12539.5,2.1,7.6,9.1,1.1,147562.7,20416.8,61656.4,65489.5,497.1,195.0,138.0,11225.6,1284.4,5286.6,4654.6,118.3,381.1,50.1
2003 Sep,184844.1,183666.5,1177.5,11780.2,2841.9,8929.2,9.1,0.0,0.0,0.0,15481.7,2602.3,12866.0,13.4,10.1,8.7,0.0,146939.6,20865.8,60876.3,65197.5,500.8,162.9,140.2,10642.5,1303.8,4784.7,4554.0,102.8,199.2,52.8
2003 Oct,192295.0,191060.2,1234.8,11911.9,2468.6,9433.6,9.7,0.0,3.1,0.0,15998.2,3131.8,12864.3,2.0,7.8,8.7,0.0,153425.1,21274.7,66215.5,65935.0,530.5,154.6,152.1,10959.8,1349.9,4998.9,4611.0,122.1,201.8,54.2
2003 Nov,193151.9,191939.7,1212.2,11438.3,2016.6,9416.1,5.6,0.0,0.0,0.0,19976.6,3180.6,16795.3,0.6,8.7,6.9,0.0,150661.6,21178.1,64487.0,64996.6,507.5,185.2,145.6,11075.4,1518.7,4894.5,4662.2,109.4,193.5,55.4
2003 Dec,194231.5,192920.9,1310.6,11147.0,2032.6,9112.1,2.2,0.0,0.0,0.0,19139.0,2839.5,16298.8,0.7,9.7,18.4,0.0,153229.3,21692.4,65427.9,66108.9,595.2,157.1,164.2,10716.3,1337.7,4890.3,4488.2,117.2,187.9,60.8
2004 Jan,199784.1,198512.4,1271.7,10834.1,2431.4,8401.0,1.7,0.0,0.0,0.0,22356.3,3095.8,19248.8,11.6,19.4,17.4,0.0,155509.1,21968.5,65732.9,67807.6,532.0,151.7,147.8,11084.6,1461.6,4992.9,4630.2,131.7,180.7,90.9
2004 Feb,200642.8,199261.3,1381.5,11044.2,2027.2,9015.3,1.7,0.0,0.0,0.0,22793.2,3846.4,18892.4,54.4,11.4,18.6,0.0,155421.7,21973.4,65719.0,67729.4,621.6,157.3,164.1,11383.7,1448.7,5296.6,4638.3,132.7,184.9,90.9
2004 Mar,201570.8,200077.8,1492.9,12333.8,2674.2,9642.1,17.6,0.0,0.0,0.0,22854.7,3811.3,18948.5,94.9,0.0,0.0,0.0,155386.0,22699.9,65486.7,67199.4,0.0,0.0,0.0,10996.2,1401.2,5013.0,4582.0,0.0,0.0,0.0
2004 Apr,204367.2,202785.0,1582.2,12486.1,2849.8,9619.0,17.4,0.0,0.0,0.0,22489.8,3702.6,18717.0,70.3,0.0,0.0,0.0,158213.5,21871.0,69318.3,67024.2,0.0,0.0,0.0,11177.8,1567.4,4986.2,4624.1,0.0,0.0,0.0
2004 May,205748.6,204185.8,1562.8,12712.5,3594.0,9102.2,16.3,0.0,0.0,0.0,24420.2,4704.9,19635.9,79.3,0.0,0.0,0.0,156930.1,22272.0,67835.8,66822.3,0.0,0.0,0.0,11685.7,1574.6,5417.1,4694.1,0.0,0.0,0.0
2004 Jun,203952.1,202385.2,1566.9,11497.5,2096.8,9384.5,16.1,0.0,0.0,0.0,23067.2,3973.0,19005.5,88.7,0.0,0.0,0.0,157983.7,22246.3,68504.2,67233.2,0.0,0.0,0.0,11403.7,1661.0,5043.1,4699.6,0.0,0.0,0.0
2004 Jul,204148.0,202696.1,1451.9,12456.7,2620.1,9820.0,16.6,0.0,0.0,0.0,21924.6,4142.9,17727.5,54.2,0.0,0.0,0.0,158229.2,22732.3,67785.5,67711.5,0.0,0.0,0.0,11537.4,1527.8,5277.3,4732.4,0.0,0.0,0.0
2004 Aug,203506.6,201994.5,1512.0,12706.7,2611.3,10078.6,16.8,0.0,0.0,0.0,21691.7,4174.0,17466.4,51.3,0.0,0.0,0.0,157306.8,22269.6,67439.5,67597.7,0.0,0.0,0.0,11801.3,1580.2,5511.0,4710.1,0.0,0.0,0.0
2004 Sep,200747.2,198676.9,2070.3,12942.7,2426.1,10499.9,16.7,0.0,0.0,0.0,22100.4,4759.1,17292.0,49.2,0.0,0.0,0.0,154512.3,22271.8,64982.4,67258.1,0.0,0.0,0.0,11191.9,1505.8,5070.1,4616.1,0.0,0.0,0.0
2004 Oct,202274.9,200269.4,2005.6,12955.9,2252.7,10686.5,16.7,0.0,0.0,0.0,22518.3,5641.9,16821.1,55.3,0.0,0.0,0.0,155469.4,22607.8,65903.8,66957.8,0.0,0.0,0.0,11331.4,1582.1,5210.7,4538.6,0.0,0.0,0.0
2004 Nov,205941.6,204128.6,1813.0,14535.5,3571.8,10947.0,16.7,0.0,0.0,0.0,22881.2,5821.2,17011.9,48.2,0.0,0.0,0.0,156521.5,23368.3,66464.9,66688.3,0.0,0.0,0.0,12003.4,1583.2,5849.9,4570.3,0.0,0.0,0.0
2004 Dec,206176.3,204305.4,1870.8,12719.8,1955.2,10747.9,16.7,0.0,0.0,0.0,21644.3,5421.9,16155.9,66.5,0.0,0.0,0.0,160251.7,23835.5,67545.3,68870.9,0.0,0.0,0.0,11560.5,1562.8,5380.5,4617.2,0.0,0.0,0.0
2005 Jan,205074.9,203255.9,1819.0,12510.6,2669.5,9824.4,16.7,0.0,0.0,0.0,18932.1,4524.7,14349.9,57.5,0.0,0.0,0.0,161519.2,24070.7,68426.7,69021.8,0.0,0.0,0.0,12113.1,1631.5,5885.4,4596.3,0.0,0.0,0.0
2005 Feb,206300.4,204526.3,1774.1,12479.5,2203.7,10259.1,16.6,0.0,0.0,0.0,18756.5,4487.6,14192.5,76.3,0.0,0.0,0.0,162847.2,23095.6,70201.8,69549.8,0.0,0.0,0.0,12217.3,1667.9,5941.3,4608.1,0.0,0.0,0.0
2005 Mar,210769.5,208867.0,1902.5,14085.9,3485.7,10491.4,108.9,0.0,0.0,0.0,19737.0,4740.4,14939.4,57.2,0.0,0.0,0.0,164762.2,24189.6,71656.7,68915.8,0.0,0.0,0.0,12184.4,1630.5,5990.3,4563.6,0.0,0.0,0.0
2005 Apr,211314.9,209479.2,1835.7,13803.7,2772.9,10912.3,118.5,0.0,0.0,0.0,19670.8,4723.6,14862.1,85.2,0.0,0.0,0.0,165369.9,24298.6,72759.1,68312.2,0.0,0.0,0.0,12470.5,1681.8,6268.3,4520.4,0.0,0.0,0.0
2005 May,213496.3,211767.3,1729.1,14317.2,2018.6,12179.2,119.4,0.0,0.0,0.0,20521.3,5093.2,15382.7,45.3,0.0,0.0,0.0,164735.7,24612.8,72469.7,67653.2,0.0,0.0,0.0,13922.2,1756.2,7606.5,4559.4,0.0,0.0,0.0
2005 Jun,215121.4,212472.3,2649.1,13780.0,2896.8,10781.7,101.5,0.0,0.0,0.0,20477.3,5004.1,15408.7,64.5,0.0,0.0,0.0,166903.8,24516.3,75039.5,67348.0,0.0,0.0,0.0,13960.3,1911.1,7519.6,4529.6,0.0,0.0,0.0
2005 Jul,217097.4,215331.5,1765.9,13966.9,2669.2,11184.7,112.9,0.0,0.0,0.0,19426.0,4758.2,14636.5,31.2,0.0,0.0,0.0,169224.4,24728.4,76794.4,67701.6,0.0,0.0,0.0,14480.1,1842.3,8098.9,4538.9,0.0,0.0,0.0
2005 Aug,218217.0,216550.7,1666.3,14336.2,2291.7,11922.7,121.9,0.0,0.0,0.0,21416.7,4878.5,16501.1,37.0,0.0,0.0,0.0,167418.4,24121.9,75795.5,67501.0,0.0,0.0,0.0,15045.7,1853.3,8630.0,4562.3,0.0,0.0,0.0
2005 Sep,219753.8,218141.4,1612.4,14147.8,2372.9,11662.2,112.6,0.0,0.0,0.0,20188.6,5107.0,15047.9,33.8,0.0,0.0,0.0,170417.0,24734.5,78600.0,67082.5,0.0,0.0,0.0,15000.4,1848.7,8586.5,4565.1,0.0,0.0,0.0
2005 Oct,222365.3,220683.3,1682.0,14666.5,2025.9,12527.3,113.3,0.0,0.0,0.0,19884.6,5063.1,14594.5,226.9,0.0,0.0,0.0,172240.9,25229.3,81385.0,65626.7,0.0,0.0,0.0,15573.3,1891.6,9172.1,4509.6,0.0,0.0,0.0
2005 Nov,223261.9,221296.5,1965.4,15678.1,2506.5,13063.6,108.0,0.0,0.0,0.0,19144.2,4957.0,14159.4,27.7,0.0,0.0,0.0,172580.4,25493.9,82071.0,65015.5,0.0,0.0,0.0,15859.2,1737.3,9659.3,4462.6,0.0,0.0,0.0
2005 Dec,223718.0,221715.8,2002.2,14580.8,3807.6,10671.8,101.4,0.0,0.0,0.0,17753.2,4745.9,12964.5,42.8,0.0,0.0,0.0,175550.4,24774.7,85257.7,65518.0,0.0,0.0,0.0,15833.5,1811.9,9602.3,4419.3,0.0,0.0,0.0
2006 Jan,221638.2,219091.0,2547.2,12812.1,2609.4,10086.9,115.8,0.0,0.0,0.0,16984.0,4879.6,12076.6,27.8,0.0,0.0,0.0,175181.0,24400.4,85883.2,64897.4,0.0,0.0,0.0,16661.1,2070.4,10226.6,4364.1,0.0,0.0,0.0
2006 Feb,227653.4,225065.1,2588.3,14491.2,2720.6,11628.0,142.6,0.0,0.0,0.0,20754.0,5464.7,15258.7,30.6,0.0,0.0,0.0,175872.4,24622.0,86180.4,65070.0,0.0,0.0,0.0,16535.9,1845.3,10311.1,4379.4,0.0,0.0,0.0
2006 Mar,231428.4,229415.6,2012.8,14630.0,3223.7,11298.9,107.3,0.0,0.0,0.0,20505.6,6365.3,14114.5,25.7,0.0,0.0,0.0,179606.6,24936.9,89110.8,65559.0,0.0,0.0,0.0,16686.2,2092.7,10229.7,4363.8,0.0,0.0,0.0
2006 Apr,235474.8,233381.8,2093.0,14392.6,2924.3,11332.8,135.5,0.0,0.0,0.0,20098.2,5876.3,14202.9,19.1,0.0,0.0,0.0,183365.0,25798.0,90814.0,66753.1,0.0,0.0,0.0,17619.0,1982.6,11269.3,4367.1,0.0,0.0,0.0
2006 May,243490.4,241545.8,1944.6,14905.1,2763.9,12008.7,132.5,0.0,0.0,0.0,23944.1,6418.5,17465.4,60.2,0.0,0.0,0.0,185501.7,25995.4,93908.3,65598.0,0.0,0.0,0.0,19139.4,2243.9,12466.3,4429.2,0.0,0.0,0.0
2006 Jun,242999.9,241309.3,1690.6,14785.7,3020.9,11672.8,92.0,0.0,0.0,0.0,23398.7,5694.1,17688.8,15.9,0.0,0.0,0.0,186614.0,26046.4,95414.2,65153.4,0.0,0.0,0.0,18201.4,2098.4,11854.7,4248.3,0.0,0.0,0.0
2006 Jul,244937.6,243147.4,1790.1,14937.1,3063.0,11783.1,91.0,0.0,0.0,0.0,23292.1,5901.8,17325.3,65.0,0.0,0.0,0.0,187771.1,26094.4,97600.3,64076.3,0.0,0.0,0.0,18937.3,2126.7,12633.5,4177.1,0.0,0.0,0.0
2006 Aug,251723.8,249924.4,1799.4,15824.4,3140.1,12550.3,133.9,0.0,0.0,0.0,26934.6,6951.7,19901.2,81.7,0.0,0.0,0.0,188482.8,26469.4,98385.1,63628.4,0.0,0.0,0.0,20482.0,2346.7,13956.6,4178.7,0.0,0.0,0.0
2006 Sep,253082.4,251237.8,1844.5,15201.4,2205.4,12856.6,139.4,0.0,0.0,0.0,27280.1,5751.9,21503.8,24.3,0.0,0.0,0.0,190707.6,26810.1,100002.1,63895.5,0.0,0.0,0.0,19893.3,2448.4,13232.1,4212.8,0.0,0.0,0.0
2006 Oct,258211.8,256268.5,1943.3,16614.8,2375.5,14126.1,113.3,0.0,0.0,0.0,27581.1,5815.8,21745.6,19.6,0.0,0.0,0.0,193574.7,27633.0,101757.4,64184.3,0.0,0.0,0.0,20441.2,2514.5,13707.1,4219.6,0.0,0.0,0.0
2006 Nov,264531.9,262344.4,2187.5,18214.0,2374.6,15712.1,127.3,0.0,0.0,0.0,27459.1,6198.2,21248.0,13.0,0.0,0.0,0.0,196813.4,27782.0,103691.6,65339.7,0.0,0.0,0.0,22045.4,2754.7,15001.3,4289.4,0.0,0.0,0.0
2006 Dec,272462.6,270367.1,2095.5,21104.2,3700.2,17260.0,144.0,0.0,0.0,0.0,27799.4,5972.4,21813.6,13.4,0.0,0.0,0.0,201083.3,28954.9,103888.3,68240.1,0.0,0.0,0.0,22475.7,2845.7,15206.4,4423.6,0.0,0.0,0.0
2007 Jan,276181.6,274111.6,2070.0,19115.9,2802.4,16171.0,142.5,0.0,0.0,0.0,29255.5,7657.6,21582.9,15.0,0.0,0.0,0.0,204855.4,29437.1,106003.8,69414.4,0.0,0.0,0.0,22954.8,2841.8,15598.1,4514.9,0.0,0.0,0.0
2007 Feb,283862.4,281417.7,2444.7,20001.7,2996.6,16893.3,111.7,0.0,0.0,0.0,30080.9,7362.9,22687.7,30.3,0.0,0.0,0.0,209798.7,29945.2,108675.3,71178.2,0.0,0.0,0.0,23981.1,2777.6,16610.6,4592.8,0.0,0.0,0.0
2007 Mar,290925.0,288284.8,2640.3,20980.1,2479.5,18378.3,122.4,0.0,0.0,0.0,32294.0,7802.1,24479.3,12.6,0.0,0.0,0.0,213986.0,29944.5,112101.6,71939.9,0.0,0.0,0.0,23664.9,2922.9,16104.8,4637.2,0.0,0.0,0.0
2007 Apr,297387.9,295134.0,2253.9,20122.4,2739.9,17244.5,138.0,0.0,0.0,0.0,31705.0,7128.0,24561.4,15.5,0.0,0.0,0.0,220068.7,30982.1,114776.6,74310.1,0.0,0.0,0.0,25491.8,3005.1,17669.6,4817.0,0.0,0.0,0.0
2007 May,303541.6,300952.4,2589.2,18653.7,2972.6,15546.9,134.2,0.0,0.0,0.0,32568.9,7944.7,24609.4,14.8,0.0,0.0,0.0,224807.7,32210.5,115384.9,77212.3,0.0,0.0,0.0,27511.2,3435.1,19009.4,5066.7,0.0,0.0,0.0
2007 Jun,306135.8,303537.8,2598.0,18166.6,2994.1,15031.3,141.3,0.0,0.0,0.0,33954.8,7857.7,26077.7,19.5,0.0,0.0,0.0,228043.7,33697.1,114758.1,79588.6,0.0,0.0,0.0,25970.7,3261.4,17493.0,5216.2,0.0,0.0,0.0
2007 Jul,305166.6,302864.7,2301.9,17720.5,2710.2,14864.6,145.7,0.0,0.0,0.0,30467.7,8250.1,22178.1,39.5,0.0,0.0,0.0,230837.1,34010.1,116412.2,80414.8,0.0,0.0,0.0,26141.3,3684.2,17223.4,5233.7,0.0,0.0,0.0
2007 Aug,306828.8,303391.4,3437.4,19637.1,2702.9,16800.6,133.7,0.0,0.0,0.0,32199.4,9035.5,23143.4,20.5,0.0,0.0,0.0,227134.7,34477.3,113149.9,79507.5,0.0,0.0,0.0,27857.7,3750.3,18851.5,5255.9,0.0,0.0,0.0
2007 Sep,308741.5,306319.6,2421.9,20241.1,2884.7,17202.9,153.6,0.0,0.0,0.0,31230.0,8613.0,22486.7,130.3,0.0,0.0,0.0,229341.0,34512.6,114955.4,79872.9,0.0,0.0,0.0,27929.4,3963.2,18565.1,5401.2,0.0,0.0,0.0
2007 Oct,311910.6,309653.9,2256.7,20572.8,2811.7,17610.6,150.6,0.0,0.0,0.0,29992.5,8564.6,21413.5,14.4,0.0,0.0,0.0,231595.2,36575.4,115449.9,79569.9,0.0,0.0,0.0,29750.1,3964.4,20365.5,5420.2,0.0,0.0,0.0
2007 Nov,314674.4,312496.8,2177.6,21312.4,3016.6,18129.8,166.1,0.0,0.0,0.0,32302.3,8726.7,23562.0,13.6,0.0,0.0,0.0,230191.1,36114.6,115253.8,78822.7,0.0,0.0,0.0,30868.6,3551.8,21934.4,5382.4,0.0,0.0,0.0
2007 Dec,314985.8,311621.6,3364.3,19099.2,2368.9,16592.5,137.8,0.0,0.0,0.0,29593.8,8315.8,21262.1,15.8,0.0,0.0,0.0,236295.6,37494.8,117046.2,81754.6,0.0,0.0,0.0,29997.2,3900.6,20520.3,5576.4,0.0,0.0,0.0
2008 Jan,315433.7,313058.3,2375.3,16285.8,3248.8,12917.4,119.6,0.0,0.0,0.0,30221.5,8676.0,21521.0,24.5,0.0,0.0,0.0,238077.5,39357.4,115923.3,82796.8,0.0,0.0,0.0,30848.9,4161.8,21069.3,5617.8,0.0,0.0,0.0
2008 Feb,323723.3,321148.8,2574.6,16531.3,2369.2,14033.0,129.0,0.0,0.0,0.0,31115.5,10102.1,20992.7,20.7,0.0,0.0,0.0,244134.9,40418.6,117628.3,86088.1,0.0,0.0,0.0,31941.7,4339.2,21740.7,5861.8,0.0,0.0,0.0
2008 Mar,330849.0,328140.8,2708.1,16512.2,3329.2,13031.2,151.8,0.0,0.0,0.0,36212.3,8771.0,27412.6,28.7,0.0,0.0,0.0,246659.6,41261.9,116579.3,88818.5,0.0,0.0,0.0,31464.8,4610.1,20932.0,5922.7,0.0,0.0,0.0
2008 Apr,336161.3,333525.2,2636.1,16761.0,2516.5,14091.0,153.5,0.0,0.0,0.0,36369.3,8531.2,27798.6,39.5,0.0,0.0,0.0,250623.5,44255.6,114494.4,91873.5,0.0,0.0,0.0,32407.5,5013.1,21305.6,6088.7,0.0,0.0,0.0
2008 May,334251.6,331492.5,2759.1,17029.9,1970.3,14882.7,176.8,0.0,0.0,0.0,33545.0,9152.4,24370.2,22.4,0.0,0.0,0.0,248942.2,43965.8,111941.0,93035.4,0.0,0.0,0.0,34734.6,5323.5,23189.3,6221.8,0.0,0.0,0.0
2008 Jun,333260.1,330522.6,2737.5,17917.5,3207.2,14436.0,274.4,0.0,0.0,0.0,33953.0,9301.5,24624.9,26.6,0.0,0.0,0.0,249503.4,44626.3,111569.9,93307.2,0.0,0.0,0.0,31886.1,5439.4,20050.6,6396.1,0.0,0.0,0.0
2008 Jul,337695.1,334111.6,3583.5,18876.1,2480.8,16148.2,247.1,0.0,0.0,0.0,36108.7,8872.2,27187.1,49.4,0.0,0.0,0.0,250772.8,45236.2,110515.3,95021.3,0.0,0.0,0.0,31937.5,4713.3,20726.8,6497.3,0.0,0.0,0.0
2008 Aug,335084.8,331950.2,3134.6,18793.5,2152.1,16394.0,247.4,0.0,0.0,0.0,37372.8,8624.0,28708.8,40.0,0.0,0.0,0.0,246127.8,45604.6,105442.2,95081.1,0.0,0.0,0.0,32790.7,4917.1,21242.5,6631.2,0.0,0.0,0.0
2008 Sep,341413.7,338377.1,3036.6,18157.7,2146.8,15847.0,163.9,0.0,0.0,0.0,38792.1,8160.6,30605.1,26.4,0.0,0.0,0.0,252049.3,47994.5,107350.9,96703.8,0.0,0.0,0.0,32414.6,5434.6,20394.5,6585.4,0.0,0.0,0.0
2008 Oct,346353.7,343483.3,2870.4,19882.1,2422.5,17161.4,298.3,0.0,0.0,0.0,44628.9,8934.4,35665.0,29.5,0.0,0.0,0.0,251079.2,46298.2,108321.1,96459.9,0.0,0.0,0.0,30763.5,5120.1,18895.4,6748.0,0.0,0.0,0.0
2008 Nov,345859.9,342783.8,3076.0,19396.3,1894.0,17155.3,347.0,0.0,0.0,0.0,42910.5,8307.5,34566.0,36.9,0.0,0.0,0.0,252877.7,46086.1,108602.1,98189.6,0.0,0.0,0.0,30675.4,4798.9,18965.9,6910.7,0.0,0.0,0.0
2008 Dec,347507.4,344409.5,3098.0,19031.9,2416.9,16256.2,358.8,0.0,0.0,0.0,41949.2,8459.7,33442.9,46.6,0.0,0.0,0.0,255513.4,46519.6,106768.8,102225.0,0.0,0.0,0.0,31013.0,4704.2,19178.9,7129.8,0.0,0.0,0.0
2009 Jan,351379.7,347999.2,3380.5,18700.5,2490.2,15779.2,431.1,0.0,0.0,0.0,45516.9,13542.0,31840.4,134.6,0.0,0.0,0.0,255687.9,47557.4,103903.7,104226.8,0.0,0.0,0.0,31474.3,5381.3,18734.7,7358.4,0.0,0.0,0.0
2009 Feb,354955.4,351374.6,3580.7,18724.0,2802.4,15514.9,406.7,0.0,0.0,0.0,45144.0,12868.7,32084.1,191.2,0.0,0.0,0.0,258949.6,47841.9,103447.6,107660.0,0.0,0.0,0.0,32137.8,5120.0,19537.4,7480.4,0.0,0.0,0.0
2009 Mar,364462.6,360729.4,3733.2,16897.4,2191.0,14318.1,388.2,0.0,0.0,0.0,50856.8,14826.7,35841.1,189.0,0.0,0.0,0.0,264351.4,49466.9,103959.5,110925.0,0.0,0.0,0.0,32357.0,4854.8,19521.3,7980.9,0.0,0.0,0.0
2009 Apr,362833.9,359183.7,3650.2,16968.5,2284.7,14280.5,403.3,0.0,0.0,0.0,45005.2,13030.2,31771.5,203.5,0.0,0.0,0.0,270159.6,50581.5,107687.6,111890.5,0.0,0.0,0.0,30700.6,4857.8,17806.1,8036.7,0.0,0.0,0.0
2009 May,364507.2,360631.2,3876.1,16965.1,2228.4,14363.7,373.0,0.0,0.0,0.0,46162.7,13601.7,32376.1,184.9,0.0,0.0,0.0,269818.6,50400.4,105544.7,113873.5,0.0,0.0,0.0,31560.8,4954.5,18263.6,8342.7,0.0,0.0,0.0
2009 Jun,372177.7,368878.4,3299.2,17819.0,3135.6,14241.6,441.8,0.0,0.0,0.0,45498.3,13593.4,31752.4,152.6,0.0,0.0,0.0,276336.2,51758.5,109921.1,114656.6,0.0,0.0,0.0,32524.1,4746.9,19250.9,8526.3,0.0,0.0,0.0
2009 Jul,375399.2,372020.8,3378.4,17428.6,3481.4,13327.1,620.2,0.0,0.0,0.0,44571.3,13153.1,31280.3,137.8,0.0,0.0,0.0,279844.2,53128.9,110289.0,116426.3,0.0,0.0,0.0,33555.1,4847.3,19964.5,8743.3,0.0,0.0,0.0
2009 Aug,373569.2,369890.7,3678.6,16870.2,2919.8,13330.8,619.6,0.0,0.0,0.0,45458.0,14038.8,31269.1,150.1,0.0,0.0,0.0,278483.9,53678.6,108519.8,116285.5,0.0,0.0,0.0,32757.1,5227.0,18597.7,8932.5,0.0,0.0,0.0
2009 Sep,377212.6,373489.5,3723.1,16430.5,3114.2,12753.3,563.1,0.0,0.0,0.0,46355.4,13669.4,32468.1,218.0,0.0,0.0,0.0,281635.2,55756.0,108481.4,117397.8,0.0,0.0,0.0,32791.4,5209.2,18306.7,9275.5,0.0,0.0,0.0
2009 Oct,379412.6,375868.4,3544.2,15505.5,2798.1,12177.6,529.8,0.0,0.0,0.0,45494.9,13475.8,31737.6,281.4,0.0,0.0,0.0,283741.0,56443.8,110308.0,116989.2,0.0,0.0,0.0,34671.2,5357.7,19990.3,9323.2,0.0,0.0,0.0
2009 Nov,384013.2,380786.1,3227.1,16171.6,4041.1,11625.1,505.4,0.0,0.0,0.0,46230.9,13524.7,32442.6,263.7,0.0,0.0,0.0,285960.9,57395.3,111705.6,116860.0,0.0,0.0,0.0,35649.7,5423.8,20819.6,9406.2,0.0,0.0,0.0
2009 Dec,391495.1,388115.9,3379.3,16308.3,3626.6,12206.1,475.6,0.0,0.0,0.0,46108.7,12447.3,33466.1,195.3,0.0,0.0,0.0,291898.8,58882.7,112605.2,120410.9,0.0,0.0,0.0,37179.4,6090.5,21294.3,9794.6,0.0,0.0,0.0
2010 Jan,393517.1,389993.6,3523.5,15267.0,2539.7,12256.6,470.7,0.0,0.0,0.0,46628.2,13345.9,33083.0,199.3,0.0,0.0,0.0,294558.9,59509.8,114314.1,120735.0,0.0,0.0,0.0,37063.0,5773.8,21384.5,9904.8,0.0,0.0,0.0
2010 Feb,392290.2,388589.9,3700.3,15186.1,2676.5,12024.9,484.7,0.0,0.0,0.0,45514.5,13075.3,32232.0,207.2,0.0,0.0,0.0,294617.2,60807.4,111950.7,121859.1,0.0,0.0,0.0,36972.3,5612.0,21360.2,10000.1,0.0,0.0,0.0
2010 Mar,401460.2,397700.4,3759.7,14954.5,2743.1,11784.0,427.4,0.0,0.0,0.0,45976.4,13182.7,32496.1,297.6,0.0,0.0,0.0,302458.8,61398.9,115658.1,125401.8,0.0,0.0,0.0,38070.5,5852.8,21915.1,10302.5,0.0,0.0,0.0
2010 Apr,403627.4,399812.1,3815.3,14029.0,3017.9,10795.8,215.4,0.0,0.0,0.0,44692.9,13846.0,30606.5,240.5,0.0,0.0,0.0,305593.4,62679.2,116394.2,126520.0,0.0,0.0,0.0,39312.1,6124.1,22839.4,10348.5,0.0,0.0,0.0
2010 May,404500.9,400589.6,3911.4,14197.8,3081.0,10912.9,203.8,0.0,0.0,0.0,48169.0,14742.0,33171.0,256.0,0.0,0.0,0.0,302722.6,63933.8,113651.6,125137.3,0.0,0.0,0.0,39411.5,7060.8,21922.5,10428.2,0.0,0.0,0.0
2010 Jun,404712.5,400831.3,3881.2,11532.8,3048.1,8312.3,172.4,0.0,0.0,0.0,49732.4,14664.4,34775.0,293.0,0.0,0.0,0.0,305063.2,65034.4,112903.3,127125.5,0.0,0.0,0.0,38384.0,6997.0,20771.9,10615.2,0.0,0.0,0.0
2010 Jul,408841.9,404876.7,3965.2,10970.7,3087.7,7698.1,184.9,0.0,0.0,0.0,51572.8,14405.3,36870.1,297.3,0.0,0.0,0.0,306944.8,65785.1,112745.3,128414.4,0.0,0.0,0.0,39353.7,6977.6,21692.7,10683.5,0.0,0.0,0.0
2010 Aug,412748.8,409043.1,3705.7,11665.9,3311.7,8186.8,167.5,0.0,0.0,0.0,52073.0,15393.9,36406.5,272.6,0.0,0.0,0.0,308704.2,66996.1,112322.4,129385.8,0.0,0.0,0.0,40305.7,7110.6,22494.2,10700.9,0.0,0.0,0.0
2010 Sep,418241.3,414281.7,3959.6,12606.2,3335.7,9106.0,164.5,0.0,0.0,0.0,51650.9,15186.1,36282.9,182.0,0.0,0.0,0.0,313748.4,68960.5,113682.4,131105.6,0.0,0.0,0.0,40235.7,8227.5,21013.0,10995.3,0.0,0.0,0.0
2010 Oct,427456.2,423488.3,3967.9,14309.4,3546.0,10573.8,189.6,0.0,0.0,0.0,53178.9,15171.8,37764.4,242.8,0.0,0.0,0.0,319733.3,70085.4,117577.1,132070.8,0.0,0.0,0.0,40234.6,7701.9,21284.1,11248.6,0.0,0.0,0.0
2010 Nov,432572.7,428638.7,3934.0,15358.5,3189.5,11973.9,195.1,0.0,0.0,0.0,53326.7,16528.7,36561.9,236.0,0.0,0.0,0.0,322524.3,72412.8,118092.7,132018.7,0.0,0.0,0.0,41363.3,8580.6,21428.1,11354.5,0.0,0.0,0.0
2010 Dec,433757.8,429824.1,3933.6,14173.8,3173.2,10894.7,106.0,0.0,0.0,0.0,55404.2,15133.1,40022.9,248.2,0.0,0.0,0.0,322896.6,73910.7,113158.3,135827.6,0.0,0.0,0.0,41283.1,8177.3,21488.9,11616.9,0.0,0.0,0.0
2011 Jan,437402.3,433647.2,3755.2,15772.3,3495.3,12149.4,127.5,0.0,0.0,0.0,55549.4,14907.2,40373.3,268.9,0.0,0.0,0.0,324426.4,77072.8,112351.2,135002.4,0.0,0.0,0.0,41654.2,8707.3,21683.9,11263.0,0.0,0.0,0.0
2011 Feb,438793.3,435074.0,3719.3,15082.2,3492.6,11478.1,111.6,0.0,0.0,0.0,56436.8,15727.4,40508.3,201.2,0.0,0.0,0.0,324563.3,76252.1,112923.3,135387.9,0.0,0.0,0.0,42711.0,8760.0,22719.1,11231.9,0.0,0.0,0.0
2011 Mar,444698.8,440982.1,3716.6,15410.9,4194.4,11091.4,125.1,0.0,0.0,0.0,57370.9,15343.4,41737.1,290.4,0.0,0.0,0.0,330583.0,78951.5,113585.4,138046.1,0.0,0.0,0.0,41334.0,8759.8,21157.1,11417.0,0.0,0.0,0.0
2011 Apr,454774.0,450862.5,3911.4,15043.0,3511.3,11416.1,115.6,0.0,0.0,0.0,58346.2,16976.1,41174.0,196.1,0.0,0.0,0.0,338389.7,80780.7,116289.6,141319.3,0.0,0.0,0.0,42995.1,9024.4,22303.7,11667.1,0.0,0.0,0.0
2011 May,457181.6,453182.3,3999.3,15191.8,3596.8,11490.7,104.4,0.0,0.0,0.0,58495.9,17681.9,40495.8,318.2,0.0,0.0,0.0,338788.6,81092.8,115699.6,141996.2,0.0,0.0,0.0,44705.3,9531.6,23248.5,11925.3,0.0,0.0,0.0
2011 Jun,455306.8,451214.6,4092.2,15133.8,3595.8,11439.8,98.2,0.0,0.0,0.0,59437.4,17905.9,41235.3,296.2,0.0,0.0,0.0,338298.8,81115.1,115169.3,142014.4,0.0,0.0,0.0,42436.8,9877.4,20507.6,12051.9,0.0,0.0,0.0
2011 Jul,464932.0,460752.2,4179.8,16137.5,3410.7,12636.1,90.7,0.0,0.0,0.0,59853.6,17307.0,42312.1,234.5,0.0,0.0,0.0,345417.1,82655.8,118744.0,144017.3,0.0,0.0,0.0,43523.8,10342.6,20780.1,12401.1,0.0,0.0,0.0
2011 Aug,469489.2,464880.2,4609.0,18753.4,4832.1,13832.3,89.0,0.0,0.0,0.0,65850.5,18068.2,47473.6,308.6,0.0,0.0,0.0,338240.8,84108.2,110693.9,143438.6,0.0,0.0,0.0,46644.6,10955.0,23318.5,12371.1,0.0,0.0,0.0
2011 Sep,473271.7,468464.4,4807.3,18140.3,3478.5,14560.3,101.5,0.0,0.0,0.0,66542.5,17561.3,48581.9,399.3,0.0,0.0,0.0,341733.7,86901.0,109594.2,145238.5,0.0,0.0,0.0,46855.2,12684.6,21559.3,12611.3,0.0,0.0,0.0
2011 Oct,478318.4,473708.0,4610.4,19076.0,3909.8,15056.3,110.0,0.0,0.0,0.0,67306.8,17156.6,49748.8,401.4,0.0,0.0,0.0,345447.5,88017.6,110726.1,146703.7,0.0,0.0,0.0,46488.1,12364.0,21256.6,12867.5,0.0,0.0,0.0
2011 Nov,483333.9,478530.5,4803.4,19257.0,3776.9,15357.3,122.7,0.0,0.0,0.0,65992.9,16555.7,49074.5,362.6,0.0,0.0,0.0,349429.2,90259.3,111588.9,147581.0,0.0,0.0,0.0,48654.9,12350.2,23119.8,13184.9,0.0,0.0,0.0
2011 Dec,483110.3,478180.3,4930.0,18714.0,3345.6,15248.9,119.4,0.0,0.0,0.0,63984.4,16342.6,47288.6,353.2,0.0,0.0,0.0,351934.9,88158.9,112338.1,151437.8,0.0,0.0,0.0,48477.1,12286.2,22733.8,13457.1,0.0,0.0,0.0
2012 Jan,487143.4,482404.2,4739.1,19126.0,4240.1,14759.6,126.3,0.0,0.0,0.0,63786.7,16136.3,47192.0,458.4,0.0,0.0,0.0,354370.6,87301.3,113447.3,153622.0,0.0,0.0,0.0,49860.1,13494.4,22382.8,13982.9,0.0,0.0,0.0
2012 Feb,484040.7,479191.3,4849.4,19108.6,4118.4,14867.1,123.1,0.0,0.0,0.0,59334.1,15488.1,43422.8,423.2,0.0,0.0,0.0,357658.8,85857.3,117284.8,154516.7,0.0,0.0,0.0,47939.2,11907.6,21959.0,14072.7,0.0,0.0,0.0
2012 Mar,492554.8,487241.5,5313.3,19335.1,4710.4,14468.9,155.8,0.0,0.0,0.0,62815.7,15304.4,47006.0,505.4,0.0,0.0,0.0,363072.6,87251.1,119026.8,156794.7,0.0,0.0,0.0,47331.4,11629.3,20763.7,14938.4,0.0,0.0,0.0
2012 Apr,489563.7,484287.5,5276.2,19501.2,4142.3,15209.1,149.8,0.0,0.0,0.0,60627.1,16102.7,44111.0,413.3,0.0,0.0,0.0,360940.9,87587.1,118322.8,155031.0,0.0,0.0,0.0,48494.5,11550.1,22546.1,14398.4,0.0,0.0,0.0
2012 May,492993.8,487922.1,5071.7,18923.7,3269.8,15509.7,144.1,0.0,0.0,0.0,62542.0,15821.1,46303.1,417.8,0.0,0.0,0.0,361357.1,88517.5,118439.5,154400.0,0.0,0.0,0.0,50171.1,12153.2,23483.0,14534.8,0.0,0.0,0.0
2012 Jun,492682.4,487017.7,5664.7,19909.8,2925.4,16880.5,104.0,0.0,0.0,0.0,61903.2,15538.1,45760.8,604.3,0.0,0.0,0.0,361593.0,88312.0,118168.3,155112.7,0.0,0.0,0.0,49276.3,12299.1,22314.9,14662.3,0.0,0.0,0.0
2012 Jul,498728.0,493632.1,5095.9,21398.3,4298.6,16957.4,142.3,0.0,0.0,0.0,63009.5,15032.8,47464.4,512.4,0.0,0.0,0.0,365797.7,90178.9,118809.1,156809.8,0.0,0.0,0.0,48522.4,12445.3,21285.1,14792.0,0.0,0.0,0.0
2012 Aug,505588.9,500628.0,4960.8,20916.6,3270.8,17544.9,100.9,0.0,0.0,0.0,66559.2,16107.0,49851.3,601.0,0.0,0.0,0.0,368411.9,89776.8,120377.4,158257.8,0.0,0.0,0.0,49701.1,12687.3,22064.7,14949.1,0.0,0.0,0.0
2012 Sep,503955.2,498935.7,5019.5,21806.0,4111.4,17597.6,97.0,0.0,0.0,0.0,63863.6,15408.7,47974.4,480.6,0.0,0.0,0.0,369527.7,89940.3,120332.4,159254.9,0.0,0.0,0.0,48757.9,12394.6,21497.1,14866.2,0.0,0.0,0.0
2012 Oct,505004.8,499594.9,5409.9,20860.2,3302.4,17449.5,108.4,0.0,0.0,0.0,64249.1,15689.2,48103.6,456.3,0.0,0.0,0.0,371215.0,91787.2,121917.2,157510.7,0.0,0.0,0.0,48680.5,12127.6,21898.5,14654.4,0.0,0.0,0.0
2012 Nov,512948.7,507681.0,5267.7,21120.8,3328.4,17697.9,94.6,0.0,0.0,0.0,64354.1,14956.7,48970.1,427.4,0.0,0.0,0.0,377534.7,95817.4,126443.9,155273.4,0.0,0.0,0.0,49939.0,12928.4,22467.2,14543.3,0.0,0.0,0.0
2012 Dec,518840.7,513634.0,5206.7,22059.8,5183.5,16776.9,99.4,0.0,0.0,0.0,63430.6,15703.1,47298.3,429.2,0.0,0.0,0.0,383387.6,97357.2,127227.2,158803.1,0.0,0.0,0.0,49962.7,12721.8,22355.5,14885.4,0.0,0.0,0.0
2013 Jan,527897.4,522251.4,5646.0,21719.8,4075.0,17513.3,131.5,0.0,0.0,0.0,65189.6,16112.5,48634.4,442.7,0.0,0.0,0.0,389557.0,100195.1,127764.4,161597.5,0.0,0.0,0.0,51431.1,12902.3,23247.5,15281.2,0.0,0.0,0.0
2013 Feb,531065.2,524968.9,6096.3,21433.1,3900.4,17426.9,105.8,0.0,0.0,0.0,66829.7,16114.2,50123.0,592.5,0.0,0.0,0.0,390996.6,100567.5,126234.4,164194.7,0.0,0.0,0.0,51805.8,13617.0,22608.9,15580.0,0.0,0.0,0.0
2013 Mar,536539.7,530008.9,6530.8,23257.4,6178.4,16940.1,139.0,0.0,0.0,0.0,64783.1,15798.5,48623.6,361.0,0.0,0.0,0.0,397550.3,104122.3,126385.8,167042.2,0.0,0.0,0.0,50948.9,13598.8,21716.3,15633.8,0.0,0.0,0.0
2013 Apr,537033.6,531303.3,5730.3,22634.2,4685.1,17820.9,128.2,0.0,0.0,0.0,64451.9,16084.5,47939.9,427.5,0.0,0.0,0.0,397926.3,105138.6,124217.1,168570.5,0.0,0.0,0.0,52021.3,13908.6,22333.6,15779.0,0.0,0.0,0.0
2013 May,540576.6,534308.2,6268.4,22298.2,3217.0,18939.2,141.9,0.0,0.0,0.0,66761.0,17342.8,48893.3,524.9,0.0,0.0,0.0,399095.6,105946.2,124708.1,168441.2,0.0,0.0,0.0,52421.8,14255.8,22360.1,15806.0,0.0,0.0,0.0
2013 Jun,535206.6,529039.5,6167.1,23016.8,3720.6,19169.1,127.2,0.0,0.0,0.0,63229.9,17999.1,44727.5,503.4,0.0,0.0,0.0,398402.5,108622.8,123166.4,166613.3,0.0,0.0,0.0,50557.3,14237.0,20716.1,15604.1,0.0,0.0,0.0
2013 Jul,538265.0,531953.9,6311.1,23229.2,4444.1,18656.5,128.5,0.0,0.0,0.0,61857.2,17009.3,44313.0,534.8,0.0,0.0,0.0,397980.9,106555.7,124181.4,167243.8,0.0,0.0,0.0,55197.7,15473.4,24058.9,15665.3,0.0,0.0,0.0
2013 Aug,538042.7,531292.5,6750.2,23040.4,3513.9,19386.8,139.7,0.0,0.0,0.0,65777.0,17950.8,47297.5,528.7,0.0,0.0,0.0,398989.0,107575.8,124718.0,166695.3,0.0,0.0,0.0,50236.3,14655.6,19825.5,15755.1,0.0,0.0,0.0
2013 Sep,536671.1,530067.3,6603.8,22915.1,3632.2,19122.9,159.9,0.0,0.0,0.0,65184.5,17115.1,47549.0,520.4,0.0,0.0,0.0,399740.8,107459.4,124575.7,167705.7,0.0,0.0,0.0,48830.7,14185.5,19098.1,15547.1,0.0,0.0,0.0
2013 Oct,537714.9,530680.1,7034.8,24113.1,3818.4,20131.9,162.9,0.0,0.0,0.0,65177.3,17890.3,46774.9,512.1,0.0,0.0,0.0,399215.6,106220.9,125432.5,167562.2,0.0,0.0,0.0,49208.8,14195.0,19461.9,15552.0,0.0,0.0,0.0
2013 Nov,536430.4,530106.6,6323.9,24217.0,3569.4,20515.9,131.7,0.0,0.0,0.0,63649.5,18652.0,44423.4,574.1,0.0,0.0,0.0,398933.9,105940.8,127049.1,165944.0,0.0,0.0,0.0,49630.1,14296.6,19792.0,15541.5,0.0,0.0,0.0
2013 Dec,537582.9,530815.4,6767.4,23941.3,3742.4,20036.5,162.4,0.0,0.0,0.0,59461.0,17678.8,41275.3,506.9,0.0,0.0,0.0,404442.6,106962.4,129288.8,168191.4,0.0,0.0,0.0,49738.0,14293.1,19889.9,15555.0,0.0,0.0,0.0
2014 Jan,543253.9,537015.1,6238.8,24969.0,4816.4,19983.1,169.5,0.0,0.0,0.0,58874.6,18150.6,40095.1,628.9,0.0,0.0,0.0,408899.1,110357.0,129363.8,169178.3,0.0,0.0,0.0,50511.2,14067.9,20807.7,15635.6,0.0,0.0,0.0
2014 Feb,541023.4,534835.1,6188.3,24103.7,4390.1,19556.1,157.5,0.0,0.0,0.0,58031.5,17861.9,39440.8,728.8,0.0,0.0,0.0,408619.5,108462.6,128631.8,171525.1,0.0,0.0,0.0,50268.7,13481.4,20627.2,16160.1,0.0,0.0,0.0
2014 Mar,549352.1,543362.4,5989.7,30715.8,10998.7,19530.8,186.2,0.0,0.0,0.0,55136.7,19277.7,35249.6,609.5,0.0,0.0,0.0,413896.1,108924.3,130599.0,174372.8,0.0,0.0,0.0,49603.6,14130.8,19499.9,15972.8,0.0,0.0,0.0
2014 Apr,540897.8,534738.6,6159.2,24810.8,4287.3,20343.9,179.5,0.0,0.0,0.0,53240.5,18673.4,33863.3,703.9,0.0,0.0,0.0,412967.5,107851.1,129679.3,175437.0,0.0,0.0,0.0,49879.1,13992.2,19651.4,16235.5,0.0,0.0,0.0
2014 May,536570.6,530656.9,5913.6,24099.7,3538.8,20405.2,155.7,0.0,0.0,0.0,49146.4,18229.8,30225.5,691.2,0.0,0.0,0.0,412319.5,108061.7,128417.2,175840.6,0.0,0.0,0.0,51005.0,14510.4,20312.8,16181.7,0.0,0.0,0.0
2014 Jun,534979.1,528314.6,6664.5,23784.4,3908.1,19727.9,148.4,0.0,0.0,0.0,50524.6,17127.7,32823.9,573.0,0.0,0.0,0.0,411254.9,106022.2,129235.0,175997.7,0.0,0.0,0.0,49415.2,14419.7,18829.6,16165.9,0.0,0.0,0.0
2014 Jul,538769.0,531889.3,6879.8,23950.0,3855.4,19962.9,131.6,0.0,0.0,0.0,52631.0,17717.1,33942.1,971.8,0.0,0.0,0.0,412441.3,106731.6,128779.8,176929.9,0.0,0.0,0.0,49746.8,14065.1,19438.4,16243.4,0.0,0.0,0.0
2014 Aug,543955.0,536608.8,7346.2,23629.8,3614.6,19849.6,165.6,0.0,0.0,0.0,55180.0,17807.4,36748.0,624.6,0.0,0.0,0.0,414539.7,107990.2,129358.0,177191.5,0.0,0.0,0.0,50605.5,14542.6,19415.6,16647.4,0.0,0.0,0.0
2014 Sep,544633.8,537051.8,7582.1,23707.8,3688.8,19828.8,190.2,0.0,0.0,0.0,56316.5,16015.6,39691.9,609.0,0.0,0.0,0.0,415000.6,108449.6,130722.2,175828.8,0.0,0.0,0.0,49608.9,14643.5,18130.7,16834.7,0.0,0.0,0.0
2014 Oct,545592.1,537150.0,8442.1,24126.4,3954.1,19971.5,200.8,0.0,0.0,0.0,53841.6,16467.3,36780.8,593.5,0.0,0.0,0.0,417878.2,111754.5,131189.6,174934.2,0.0,0.0,0.0,49745.9,14369.5,19277.8,16098.6,0.0,0.0,0.0
2014 Nov,547039.2,538545.6,8493.7,24148.1,4094.5,19818.0,235.5,0.0,0.0,0.0,52565.4,16672.0,35357.5,535.9,0.0,0.0,0.0,419500.4,111931.6,132186.1,175382.7,0.0,0.0,0.0,50825.3,14451.8,20095.7,16277.9,0.0,0.0,0.0
2014 Dec,550363.9,541078.7,9285.2,23344.7,4544.5,18605.4,194.7,0.0,0.0,0.0,53987.9,18082.9,35467.3,437.6,0.0,0.0,0.0,423064.4,109533.4,135034.6,178496.3,0.0,0.0,0.0,49967.0,14846.4,18852.0,16268.5,0.0,0.0,0.0
2015 Jan,552071.3,543021.6,9049.7,23732.1,3783.2,19733.3,215.6,0.0,0.0,0.0,54900.7,17232.0,37148.5,520.2,0.0,0.0,0.0,423808.9,110508.3,134496.8,178803.7,0.0,0.0,0.0,49629.6,14933.7,18373.5,16322.5,0.0,0.0,0.0
2015 Feb,552479.5,544431.8,8047.7,23653.5,3826.2,19636.9,190.4,0.0,0.0,0.0,54783.4,17965.0,36290.5,527.9,0.0,0.0,0.0,424854.5,109367.2,134255.8,181231.5,0.0,0.0,0.0,49188.1,14489.4,18215.0,16483.7,0.0,0.0,0.0
2015 Mar,558791.1,550284.1,8507.1,23459.0,4574.4,18674.3,210.3,0.0,0.0,0.0,55098.5,17889.5,36443.1,766.0,0.0,0.0,0.0,431336.1,110886.2,136020.2,184429.7,0.0,0.0,0.0,48897.5,14243.3,18233.4,16420.8,0.0,0.0,0.0
2015 Apr,559573.5,550969.9,8603.6,24172.2,3495.0,20486.5,190.7,0.0,0.0,0.0,56193.4,17643.1,38040.2,510.1,0.0,0.0,0.0,429906.7,107848.8,137241.1,184816.8,0.0,0.0,0.0,49301.2,13778.9,19138.9,16383.4,0.0,0.0,0.0
2015 May,555946.7,547248.7,8698.0,23578.4,3873.1,19467.8,237.5,0.0,0.0,0.0,56376.5,17875.1,38007.8,493.7,0.0,0.0,0.0,426885.5,106946.6,135758.7,184180.2,0.0,0.0,0.0,49106.3,13556.7,19227.3,16322.3,0.0,0.0,0.0
2015 Jun,548843.6,540924.9,7918.6,24011.0,4356.3,19451.5,203.2,0.0,0.0,0.0,49189.3,16201.6,32484.1,503.7,0.0,0.0,0.0,427743.2,108182.1,135035.3,184525.8,0.0,0.0,0.0,47899.9,13776.6,17787.5,16335.8,0.0,0.0,0.0
2015 Jul,548878.4,540852.2,8026.2,24301.5,4504.0,19590.9,206.6,0.0,0.0,0.0,46452.0,16019.9,29938.1,494.0,0.0,0.0,0.0,429350.6,109323.7,135075.1,184951.8,0.0,0.0,0.0,48774.3,14093.3,18260.2,16420.8,0.0,0.0,0.0
2015 Aug,551455.1,541989.4,9465.6,25315.4,4556.1,20534.0,225.3,0.0,0.0,0.0,47302.2,17263.8,29375.8,662.6,0.0,0.0,0.0,428444.1,109421.7,134884.7,184137.7,0.0,0.0,0.0,50393.4,13979.0,19743.7,16670.7,0.0,0.0,0.0
2015 Sep,562367.1,552761.8,9605.3,26493.3,3779.8,22508.1,205.3,0.0,0.0,0.0,55165.3,15558.8,38931.1,675.3,0.0,0.0,0.0,429928.5,108615.9,137617.1,183695.5,0.0,0.0,0.0,50780.1,13835.8,20208.6,16735.7,0.0,0.0,0.0
2015 Oct,560492.4,550573.3,9919.1,27437.8,4700.8,22459.6,277.5,0.0,0.0,0.0,54727.8,15360.7,38959.1,408.0,0.0,0.0,0.0,429413.9,107984.8,139989.2,181439.8,0.0,0.0,0.0,48912.8,12856.8,19477.7,16578.3,0.0,0.0,0.0
2015 Nov,561447.3,551516.3,9930.9,27208.4,4355.2,22581.0,272.2,0.0,0.0,0.0,53886.2,15658.4,37684.6,543.2,0.0,0.0,0.0,431311.2,109975.2,140789.1,180546.9,0.0,0.0,0.0,49041.5,12826.4,19642.4,16572.7,0.0,0.0,0.0
2015 Dec,560011.4,549501.4,10509.9,25867.8,3900.0,21734.9,232.9,0.0,0.0,0.0,48973.6,15436.6,33065.0,472.0,0.0,0.0,0.0,434647.4,109639.2,141086.1,183922.1,0.0,0.0,0.0,50522.6,12977.2,20952.7,16592.7,0.0,0.0,0.0
2016 Jan,559951.7,549798.5,10153.2,27753.5,5067.2,22448.2,238.1,0.0,0.0,0.0,48988.8,14416.0,34017.3,555.5,0.0,0.0,0.0,433414.2,108473.9,141796.7,183143.6,0.0,0.0,0.0,49795.2,12966.0,20022.7,16806.5,0.0,0.0,0.0
2016 Feb,564443.2,553095.1,11348.1,29901.7,3496.5,26230.4,174.9,0.0,0.0,0.0,49520.8,14722.8,34170.6,627.5,0.0,0.0,0.0,433625.9,107256.7,143985.6,182383.6,0.0,0.0,0.0,51394.7,12967.6,21211.3,17215.8,0.0,0.0,0.0
2016 Mar,573399.2,565059.4,8339.8,31531.7,6286.0,25042.5,203.2,0.0,0.0,0.0,53340.7,14503.4,38374.4,462.9,0.0,0.0,0.0,440656.9,107595.2,147101.7,185960.0,0.0,0.0,0.0,47869.9,13227.5,18458.8,16183.6,0.0,0.0,0.0
2016 Apr,574779.5,566422.2,8357.2,29918.4,3550.9,26171.1,196.4,0.0,0.0,0.0,52280.1,15129.3,36774.9,375.8,0.0,0.0,0.0,446105.2,109513.8,150380.8,186210.6,0.0,0.0,0.0,46475.8,12842.9,17413.9,16219.1,0.0,0.0,0.0
2016 May,574591.5,565974.2,8617.3,30440.1,4506.9,25776.5,156.7,0.0,0.0,0.0,53401.3,16543.9,36344.8,512.6,0.0,0.0,0.0,444461.3,110144.8,148815.4,185501.2,0.0,0.0,0.0,46288.7,13089.5,16947.4,16251.9,0.0,0.0,0.0
2016 Jun,573086.5,565318.7,7767.8,29967.4,3429.6,26300.7,237.2,0.0,0.0,0.0,54854.9,16252.4,38153.4,449.2,0.0,0.0,0.0,442493.9,108505.1,148988.1,185000.7,0.0,0.0,0.0,45770.2,12804.7,16939.6,16026.0,0.0,0.0,0.0
2016 Jul,579971.0,571982.2,7988.8,31411.1,4212.2,26920.9,278.0,0.0,0.0,0.0,55825.2,16150.7,39007.1,667.5,0.0,0.0,0.0,446343.5,108892.2,149760.1,187691.2,0.0,0.0,0.0,46391.3,12796.6,17392.4,16202.4,0.0,0.0,0.0
2016 Aug,584106.6,576452.4,7654.2,30402.2,3953.8,26247.3,201.2,0.0,0.0,0.0,58209.8,16145.4,41528.9,535.6,0.0,0.0,0.0,448535.7,110723.4,149501.8,188310.5,0.0,0.0,0.0,46958.8,13357.6,17163.9,16437.2,0.0,0.0,0.0
2016 Sep,586245.8,578594.1,7651.6,31245.8,7294.2,23759.4,192.3,0.0,0.0,0.0,59210.0,16661.1,41829.0,719.9,0.0,0.0,0.0,449923.8,112024.4,148619.0,189280.4,0.0,0.0,0.0,45866.2,13882.9,15496.8,16486.4,0.0,0.0,0.0
2016 Oct,592508.5,584134.5,8373.9,29415.0,3481.9,25737.5,195.6,0.0,0.0,0.0,57803.2,15864.9,40985.6,952.8,0.0,0.0,0.0,458952.9,115997.2,151357.0,191598.7,0.0,0.0,0.0,46337.3,13856.8,15400.2,17080.3,0.0,0.0,0.0
2016 Nov,596536.0,588049.8,8486.2,29530.8,4098.4,25205.6,226.8,0.0,0.0,0.0,59324.5,15883.9,42384.3,1056.3,0.0,0.0,0.0,460671.9,118008.4,149215.3,193448.2,0.0,0.0,0.0,47008.8,14033.4,15744.3,17231.1,0.0,0.0,0.0
2016 Dec,596611.5,588228.6,8382.8,28590.4,4441.4,23987.9,161.2,0.0,0.0,0.0,57270.4,14849.4,41494.3,926.6,0.0,0.0,0.0,464305.9,118342.2,147316.5,198647.2,0.0,0.0,0.0,46444.7,13560.5,15665.2,17219.0,0.0,0.0,0.0
2017 Jan,599285.3,591111.5,8173.8,30221.8,4971.3,25075.7,174.8,0.0,0.0,0.0,57266.0,15012.4,41439.9,813.7,0.0,0.0,0.0,464274.5,117120.7,147657.6,199496.1,0.0,0.0,0.0,47523.0,14148.2,15962.8,17411.9,0.0,0.0,0.0
2017 Feb,601645.4,593135.3,8510.1,30283.3,4185.1,25949.3,149.0,0.0,0.0,0.0,57945.0,15409.5,41702.1,833.3,0.0,0.0,0.0,464821.1,116654.5,146042.6,202124.0,0.0,0.0,0.0,48596.0,15667.1,15518.1,17410.8,0.0,0.0,0.0
2017 Mar,609852.0,600809.8,9042.2,31277.2,7859.7,23274.4,143.1,0.0,0.0,0.0,59622.3,15618.2,43023.4,980.8,0.0,0.0,0.0,472279.9,117970.0,149177.0,205132.8,0.0,0.0,0.0,46672.6,13576.7,15587.4,17508.5,0.0,0.0,0.0
2017 Apr,606805.6,597961.7,8843.9,28848.6,4519.4,24191.4,137.8,0.0,0.0,0.0,58868.8,15446.1,42261.4,1161.3,0.0,0.0,0.0,472944.3,119049.3,148994.9,204900.1,0.0,0.0,0.0,46144.0,13170.9,15480.5,17492.5,0.0,0.0,0.0
2017 May,607245.9,598879.3,8366.6,28971.2,4848.4,23926.5,196.2,0.0,0.0,0.0,59603.4,15787.0,42802.5,1013.9,0.0,0.0,0.0,472587.5,119578.0,148036.0,204973.6,0.0,0.0,0.0,46083.8,13569.6,15103.4,17410.8,0.0,0.0,0.0
2017 Jun,606335.1,598064.0,8271.1,29272.5,4548.4,24563.8,160.2,0.0,0.0,0.0,57223.0,15882.9,40546.7,793.4,0.0,0.0,0.0,474248.2,125696.6,148635.2,199916.4,0.0,0.0,0.0,45591.4,14366.8,15273.0,15951.6,0.0,0.0,0.0
2017 Jul,608589.7,599859.7,8730.0,28477.0,4008.3,24284.4,184.3,0.0,0.0,0.0,57702.0,16116.8,40376.6,1208.6,0.0,0.0,0.0,476241.1,126418.0,149519.2,200303.9,0.0,0.0,0.0,46169.6,14389.4,16036.8,15743.4,0.0,0.0,0.0
2017 Aug,609028.7,601392.7,7636.0,28319.0,3298.1,24872.6,148.2,0.0,0.0,0.0,59405.2,16197.4,41956.1,1251.7,0.0,0.0,0.0,475381.7,126527.9,148195.6,200658.3,0.0,0.0,0.0,45922.7,14770.2,15920.0,15232.5,0.0,0.0,0.0
2017 Sep,606843.6,599558.1,7285.5,28500.0,3856.0,24525.3,118.8,0.0,0.0,0.0,59048.1,16113.3,41901.1,1033.6,0.0,0.0,0.0,475888.5,128405.9,146988.0,200494.6,0.0,0.0,0.0,43407.0,14297.5,14017.4,15092.1,0.0,0.0,0.0
2017 Oct,610291.1,602292.7,7998.5,29222.7,4302.6,24737.5,182.6,0.0,0.0,0.0,58753.1,15549.3,41930.9,1272.9,0.0,0.0,0.0,478843.2,131119.3,147122.1,200601.8,0.0,0.0,0.0,43472.2,14399.9,13984.1,15088.2,0.0,0.0,0.0
2017 Nov,607532.9,599684.8,7848.1,30849.6,5326.6,25350.5,172.5,0.0,0.0,0.0,56653.9,15694.5,39301.1,1658.3,0.0,0.0,0.0,476794.6,130531.8,146454.9,199807.8,0.0,0.0,0.0,43234.8,14043.9,14322.0,14869.0,0.0,0.0,0.0
2017 Dec,606386.9,598533.0,7853.9,27776.8,4961.1,22668.4,147.3,0.0,0.0,0.0,56846.5,15650.3,40071.0,1125.3,0.0,0.0,0.0,479114.4,129217.2,146656.1,203241.1,0.0,0.0,0.0,42649.3,14103.0,13745.7,14800.6,0.0,0.0,0.0
2018 Jan,607280.5,599889.6,7390.8,24972.9,4381.2,20407.5,184.2,0.0,0.0,0.0,57412.1,15986.4,40169.3,1256.4,0.0,0.0,0.0,481662.3,130534.7,147824.0,203303.6,0.0,0.0,0.0,43233.1,14702.6,13672.1,14858.4,0.0,0.0,0.0
2018 Feb,604795.8,596888.0,7907.8,23892.7,3930.6,19803.2,158.8,0.0,0.0,0.0,57224.9,16256.5,40011.7,956.8,0.0,0.0,0.0,480762.2,129682.2,147624.2,203455.9,0.0,0.0,0.0,42915.9,14641.3,13456.7,14817.9,0.0,0.0,0.0
2018 Mar,613649.6,605531.9,8117.7,28236.1,7306.5,20791.6,138.1,0.0,0.0,0.0,55982.8,16042.5,38856.8,1083.6,0.0,0.0,0.0,486802.2,131862.0,149328.7,205611.5,0.0,0.0,0.0,42628.4,15017.3,12771.1,14839.9,0.0,0.0,0.0
2018 Apr,614466.9,606572.3,7894.6,27183.5,4589.7,22454.7,139.0,0.0,0.0,0.0,55669.9,19028.2,35484.2,1157.6,0.0,0.0,0.0,488669.5,130933.0,151331.6,206404.8,0.0,0.0,0.0,42944.0,14626.2,13470.2,14847.6,0.0,0.0,0.0
2018 May,615313.9,606656.6,8657.3,27694.8,4528.5,23064.2,102.1,0.0,0.0,0.0,54568.3,16314.9,37030.3,1223.2,0.0,0.0,0.0,488154.6,130712.3,151830.5,205611.7,0.0,0.0,0.0,44896.2,15296.6,14424.6,15175.0,0.0,0.0,0.0
2018 Jun,610706.0,601993.7,8712.2,26479.4,3821.8,22489.2,168.4,0.0,0.0,0.0,52595.5,15693.4,35612.9,1289.2,0.0,0.0,0.0,488472.7,129281.3,154274.9,204916.4,0.0,0.0,0.0,43158.5,14439.4,13567.5,15151.5,0.0,0.0,0.0
2018 Jul,617262.1,608150.9,9111.2,30405.3,7289.9,22940.9,174.4,0.0,0.0,0.0,51863.8,15367.6,35686.0,810.2,0.0,0.0,0.0,491935.8,129212.7,157980.1,204743.0,0.0,0.0,0.0,43057.2,14856.5,12868.0,15332.7,0.0,0.0,0.0
2018 Aug,622637.1,614187.8,8449.3,29213.0,3324.9,25731.1,156.9,0.0,0.0,0.0,59115.8,15758.9,42491.3,865.6,0.0,0.0,0.0,491513.1,129236.7,159527.9,202748.5,0.0,0.0,0.0,42795.2,14853.5,13286.2,14655.5,0.0,0.0,0.0
2018 Sep,621633.1,613054.4,8578.7,29931.8,4673.2,25099.8,158.9,0.0,0.0,0.0,59449.5,15690.8,42980.2,778.6,0.0,0.0,0.0,490127.1,126580.1,161619.0,201927.9,0.0,0.0,0.0,42124.7,14592.6,13102.9,14429.2,0.0,0.0,0.0
2018 Oct,623496.0,615056.7,8439.3,30682.3,5492.8,25003.6,185.9,0.0,0.0,0.0,58438.9,14692.9,42997.5,748.5,0.0,0.0,0.0,492542.2,129084.9,161795.0,201662.3,0.0,0.0,0.0,41832.5,14137.3,13352.9,14342.3,0.0,0.0,0.0
2018 Nov,624178.2,615431.1,8747.2,31388.8,5269.1,25976.0,143.6,0.0,0.0,0.0,59243.5,15076.7,43390.5,776.3,0.0,0.0,0.0,490062.7,128302.7,160750.5,201009.6,0.0,0.0,0.0,43483.2,13919.3,14752.4,14811.5,0.0,0.0,0.0
2018 Dec,627768.2,619048.3,8719.9,30329.6,4762.5,25436.5,130.6,0.0,0.0,0.0,62013.7,15038.8,46200.3,774.6,0.0,0.0,0.0,492146.0,127270.6,160789.4,204086.0,0.0,0.0,0.0,43278.9,14326.2,14140.4,14812.3,0.0,0.0,0.0
2019 Jan,636390.0,628992.9,7397.1,35968.7,5507.0,30316.9,144.9,0.0,0.0,0.0,62478.1,15895.6,45945.9,636.6,0.0,0.0,0.0,494486.4,125805.2,164649.0,204032.3,0.0,0.0,0.0,43456.7,14242.7,14622.9,14591.2,0.0,0.0,0.0
2019 Feb,642858.3,635619.2,7239.2,40413.9,4660.8,35616.1,137.1,0.0,0.0,0.0,61902.8,15265.5,45802.8,834.5,0.0,0.0,0.0,496851.0,126557.0,166049.7,204244.3,0.0,0.0,0.0,43690.6,14096.2,15232.7,14361.8,0.0,0.0,0.0
2019 Mar,652664.8,645431.8,7233.0,41339.6,6496.5,34683.1,160.0,0.0,0.0,0.0,61145.9,14956.3,45295.2,894.4,0.0,0.0,0.0,507182.5,129398.3,171501.0,206283.2,0.0,0.0,0.0,42996.9,13994.0,14663.8,14339.1,0.0,0.0,0.0
2019 Apr,658079.4,651040.7,7038.7,41221.8,5265.2,35821.0,135.7,0.0,0.0,0.0,64669.7,16600.5,47028.7,1040.5,0.0,0.0,0.0,508986.5,129083.4,173742.2,206160.9,0.0,0.0,0.0,43201.3,14868.6,14196.3,14136.4,0.0,0.0,0.0
2019 May,660815.2,653694.4,7120.7,42692.7,4210.1,38390.7,92.0,0.0,0.0,0.0,64924.3,14776.5,49129.7,1018.1,0.0,0.0,0.0,508935.6,129688.8,173569.7,205677.1,0.0,0.0,0.0,44262.5,15125.8,15057.1,14079.6,0.0,0.0,0.0
2019 Jun,664586.2,656816.7,7769.5,48788.4,8577.2,40082.5,128.6,0.0,0.0,0.0,65474.5,17699.6,46811.2,963.7,0.0,0.0,0.0,506003.0,127019.4,173259.6,205724.0,0.0,0.0,0.0,44320.4,14986.2,14971.4,14362.8,0.0,0.0,0.0
2019 Jul,666843.5,655666.6,11176.9,48526.0,5776.0,42539.7,210.3,0.0,0.0,0.0,62444.7,13467.1,48171.7,805.9,0.0,0.0,0.0,509101.0,128000.6,174288.8,206811.6,0.0,0.0,0.0,46771.8,14692.0,17587.5,14492.3,0.0,0.0,0.0
2019 Aug,672830.2,660048.2,12782.0,49395.4,5327.8,43910.6,157.0,0.0,0.0,0.0,63519.2,15010.1,47664.8,844.2,0.0,0.0,0.0,510953.7,129301.2,175421.9,206230.6,0.0,0.0,0.0,48961.9,15748.8,18720.1,14493.0,0.0,0.0,0.0
2019 Sep,674474.1,659578.1,14895.9,49345.2,3962.7,45281.6,100.9,0.0,0.0,0.0,64321.1,15320.1,48304.1,696.8,0.0,0.0,0.0,511788.4,127173.6,178675.9,205938.9,0.0,0.0,0.0,49019.4,14601.3,19827.6,14590.5,0.0,0.0,0.0
2019 Oct,676727.1,661252.2,15474.9,49711.1,5067.4,44516.7,127.0,0.0,0.0,0.0,62169.3,15712.1,45946.3,510.8,0.0,0.0,0.0,515082.4,128506.0,180187.6,206388.8,0.0,0.0,0.0,49764.3,14559.1,20408.9,14796.3,0.0,0.0,0.0
2019 Nov,682738.0,666261.3,16476.7,49242.5,4254.2,44901.5,86.8,0.0,0.0,0.0,64886.8,17968.5,46334.5,583.9,0.0,0.0,0.0,517527.1,130775.7,180464.0,206287.5,0.0,0.0,0.0,51081.6,15430.0,20768.6,14883.0,0.0,0.0,0.0
2019 Dec,683520.8,664801.9,18718.9,51485.2,7539.0,43834.6,111.6,0.0,0.0,0.0,62254.5,14826.9,46763.1,664.6,0.0,0.0,0.0,519104.2,130847.7,178180.4,210076.0,0.0,0.0,0.0,50676.9,14516.5,20930.0,15230.5,0.0,0.0,0.0
2020 Jan,693686.4,672117.9,21568.5,50612.9,5370.3,45113.4,129.2,0.0,0.0,0.0,65944.3,16049.7,49304.1,590.5,0.0,0.0,0.0,523637.1,131841.4,180379.3,211416.5,0.0,0.0,0.0,53492.1,14637.4,23892.5,14962.2,0.0,0.0,0.0
2020 Feb,700242.9,678322.2,21920.7,50088.2,4684.3,45339.4,64.5,0.0,0.0,0.0,64148.9,16578.6,46779.2,791.0,0.0,0.0,0.0,529587.4,133950.0,181970.4,213666.9,0.0,0.0,0.0,56418.5,15893.1,25081.1,15444.2,0.0,0.0,0.0
2020 Mar,715035.1,694087.4,20947.7,50320.0,7893.6,42320.8,105.6,0.0,0.0,0.0,64807.9,19574.8,44148.7,1084.5,0.0,0.0,0.0,541901.5,141709.1,181636.7,218555.7,0.0,0.0,0.0,58005.7,18054.5,23601.8,16349.4,0.0,0.0,0.0
2020 Apr,743564.9,716595.8,26969.1,51393.7,11953.0,39234.7,206.0,0.0,0.0,0.0,70051.8,18917.1,50397.3,737.3,0.0,0.0,0.0,559982.4,152225.5,181500.2,226256.8,0.0,0.0,0.0,62137.1,19796.2,25784.1,16556.8,0.0,0.0,0.0
2020 May,735782.2,710459.2,25323.0,45863.7,9762.3,35866.2,235.2,0.0,0.0,0.0,62460.1,19520.5,42189.0,750.6,0.0,0.0,0.0,565294.8,160792.9,173929.1,230572.7,0.0,0.0,0.0,62163.6,21581.6,23109.3,17472.7,0.0,0.0,0.0
2020 Jun,742815.1,718550.3,24264.8,46573.1,12016.9,34406.6,149.6,0.0,0.0,0.0,62473.2,22659.0,39291.6,522.6,0.0,0.0,0.0,571959.2,162162.3,175550.1,234246.8,0.0,0.0,0.0,61809.6,21073.0,22106.1,18630.5,0.0,0.0,0.0
2020 Jul,748661.2,724236.1,24425.1,47493.3,11416.5,35894.7,182.1,0.0,0.0,0.0,62025.4,22060.9,39240.4,724.0,0.0,0.0,0.0,578879.1,166568.2,174169.5,238141.3,0.0,0.0,0.0,60263.5,20390.2,20472.4,19400.9,0.0,0.0,0.0
2020 Aug,751885.3,724639.3,27246.0,48198.0,7648.8,40420.7,128.4,0.0,0.0,0.0,61545.5,24016.9,36906.3,622.2,0.0,0.0,0.0,579856.7,167522.6,173715.3,238618.7,0.0,0.0,0.0,62285.2,20609.1,21400.1,20275.9,0.0,0.0,0.0
2020 Sep,747813.3,722407.6,25405.7,46074.9,8870.5,37078.1,126.2,0.0,0.0,0.0,59248.1,23920.1,34307.0,1021.0,0.0,0.0,0.0,580616.4,167875.6,173617.6,239123.1,0.0,0.0,0.0,61874.0,20348.6,20964.0,20561.4,0.0,0.0,0.0
2020 Oct,759019.6,730524.3,28495.3,46608.9,9217.0,37159.3,232.6,0.0,0.0,0.0,60745.1,24912.2,34629.2,1203.7,0.0,0.0,0.0,589248.2,175969.0,171480.4,241798.7,0.0,0.0,0.0,62417.4,21553.0,20011.7,20852.7,0.0,0.0,0.0
2020 Nov,764126.2,734365.3,29760.9,46419.9,10044.8,36208.3,166.9,0.0,0.0,0.0,61862.3,26683.2,34003.6,1175.4,0.0,0.0,0.0,594077.5,178095.6,170625.3,245356.5,0.0,0.0,0.0,61766.6,21852.5,18728.7,21185.3,0.0,0.0,0.0
2020 Dec,763846.7,733980.0,29866.7,45056.7,7228.6,37718.2,109.9,0.0,0.0,0.0,58948.9,25181.5,32718.1,1049.3,0.0,0.0,0.0,598153.4,178768.5,168631.5,250753.4,0.0,0.0,0.0,61687.7,22152.8,17965.6,21569.4,0.0,0.0,0.0
2021 Jan,765250.5,736514.3,28736.1,46413.1,7352.1,38903.9,157.1,0.0,0.0,0.0,59676.6,26279.9,32216.8,1180.0,0.0,0.0,0.0,594903.6,178924.0,164409.2,251570.5,0.0,0.0,0.0,64257.1,24384.0,17664.0,22209.2,0.0,0.0,0.0
2021 Feb,762693.0,732884.0,29809.0,47390.3,7864.3,39404.8,121.3,0.0,0.0,0.0,58663.2,26442.4,30929.9,1290.8,0.0,0.0,0.0,593968.6,179040.6,161086.3,253841.7,0.0,0.0,0.0,62670.9,22200.4,17948.5,22522.0,0.0,0.0,0.0
2021 Mar,779638.3,745573.0,34065.3,46051.3,10578.4,35373.5,99.4,0.0,0.0,0.0,61211.4,29137.2,30912.5,1161.7,0.0,0.0,0.0,608041.8,185697.2,162188.8,260155.8,0.0,0.0,0.0,64333.9,22781.8,18733.4,22818.7,0.0,0.0,0.0
2021 Apr,778552.8,744118.2,34434.7,42749.5,6354.1,36295.0,100.4,0.0,0.0,0.0,63757.1,28664.7,33856.1,1236.2,0.0,0.0,0.0,608142.4,184562.1,161330.5,262249.8,0.0,0.0,0.0,63903.9,22854.3,18160.3,22889.3,0.0,0.0,0.0
2021 May,777580.8,742870.5,34710.3,43859.9,5945.2,37815.8,98.8,0.0,0.0,0.0,61663.5,28256.5,31999.6,1407.5,0.0,0.0,0.0,607302.1,186400.1,157348.0,263553.9,0.0,0.0,0.0,64755.3,22594.7,19160.2,23000.4,0.0,0.0,0.0
2021 Jun,778049.8,741968.2,36081.7,43084.6,7825.8,35122.7,136.0,0.0,0.0,0.0,55994.2,27550.8,26969.8,1473.6,0.0,0.0,0.0,613088.6,193494.5,153577.3,266016.8,0.0,0.0,0.0,65882.5,22665.8,19823.5,23393.2,0.0,0.0,0.0

The notes and footnotes for this table can be found on the online Monthly Statistical Bulletin database.