,,,,,,,,,,,,,,,,,,,,,,,,,,,,,,,,,,,,,,,,,,,,,,,,,,,,,,,,,,,,,,,,,,,,,,,,,,,,,,,,,,,,,,,,,,,,,,,,,,,,,,,,,,,,,,,,,,,,,,,,,,,,,,,,,,,,,,,,,,,,,,,,,,
Theme: Economy,,,,,,,,,,,,,,,,,,,,,,,,,,,,,,,,,,,,,,,,,,,,,,,,,,,,,,,,,,,,,,,,,,,,,,,,,,,,,,,,,,,,,,,,,,,,,,,,,,,,,,,,,,,,,,,,,,,,,,,,,,,,,,,,,,,,,,,,,,,,,,,,,,
Subject: Balance of Payments (BOP),,,,,,,,,,,,,,,,,,,,,,,,,,,,,,,,,,,,,,,,,,,,,,,,,,,,,,,,,,,,,,,,,,,,,,,,,,,,,,,,,,,,,,,,,,,,,,,,,,,,,,,,,,,,,,,,,,,,,,,,,,,,,,,,,,,,,,,,,,,,,,,,,,
"Topic: Singapore's Balance of Payments (BOP)",,,,,,,,,,,,,,,,,,,,,,,,,,,,,,,,,,,,,,,,,,,,,,,,,,,,,,,,,,,,,,,,,,,,,,,,,,,,,,,,,,,,,,,,,,,,,,,,,,,,,,,,,,,,,,,,,,,,,,,,,,,,,,,,,,,,,,,,,,,,,,,,,,
"Table Title: Singapore's Balance Of Payments, (BPM6 Format), Quarterly",,,,,,,,,,,,,,,,,,,,,,,,,,,,,,,,,,,,,,,,,,,,,,,,,,,,,,,,,,,,,,,,,,,,,,,,,,,,,,,,,,,,,,,,,,,,,,,,,,,,,,,,,,,,,,,,,,,,,,,,,,,,,,,,,,,,,,,,,,,,,,,,,,
,,,,,,,,,,,,,,,,,,,,,,,,,,,,,,,,,,,,,,,,,,,,,,,,,,,,,,,,,,,,,,,,,,,,,,,,,,,,,,,,,,,,,,,,,,,,,,,,,,,,,,,,,,,,,,,,,,,,,,,,,,,,,,,,,,,,,,,,,,,,,,,,,,
Data last updated: 11/08/2022,,,,,,,,,,,,,,,,,,,,,,,,,,,,,,,,,,,,,,,,,,,,,,,,,,,,,,,,,,,,,,,,,,,,,,,,,,,,,,,,,,,,,,,,,,,,,,,,,,,,,,,,,,,,,,,,,,,,,,,,,,,,,,,,,,,,,,,,,,,,,,,,,,
Source: SINGAPORE DEPARTMENT OF STATISTICS,,,,,,,,,,,,,,,,,,,,,,,,,,,,,,,,,,,,,,,,,,,,,,,,,,,,,,,,,,,,,,,,,,,,,,,,,,,,,,,,,,,,,,,,,,,,,,,,,,,,,,,,,,,,,,,,,,,,,,,,,,,,,,,,,,,,,,,,,,,,,,,,,,
,,,,,,,,,,,,,,,,,,,,,,,,,,,,,,,,,,,,,,,,,,,,,,,,,,,,,,,,,,,,,,,,,,,,,,,,,,,,,,,,,,,,,,,,,,,,,,,,,,,,,,,,,,,,,,,,,,,,,,,,,,,,,,,,,,,,,,,,,,,,,,,,,,
,,,,,,,,,,,,,,,,,,,,,,,,,,,,,,,,,,,,,,,,,,,,,,,,,,,,,,,,,,,,,,,,,,,,,,,,,,,,,,,,,,,,,,,,,,,,,,,,,,,,,,,,,,,,,,,,,,,,,,,,,,,,,,,,,,,,,,,,,,,,,,,,,,Million Dollars
Data Series,2022 2Q ,2022 1Q ,2021 4Q ,2021 3Q ,2021 2Q ,2021 1Q ,2020 4Q ,2020 3Q ,2020 2Q ,2020 1Q ,2019 4Q ,2019 3Q ,2019 2Q ,2019 1Q ,2018 4Q ,2018 3Q ,2018 2Q ,2018 1Q ,2017 4Q ,2017 3Q ,2017 2Q ,2017 1Q ,2016 4Q ,2016 3Q ,2016 2Q ,2016 1Q ,2015 4Q ,2015 3Q ,2015 2Q ,2015 1Q ,2014 4Q ,2014 3Q ,2014 2Q ,2014 1Q ,2013 4Q ,2013 3Q ,2013 2Q ,2013 1Q ,2012 4Q ,2012 3Q ,2012 2Q ,2012 1Q ,2011 4Q ,2011 3Q ,2011 2Q ,2011 1Q ,2010 4Q ,2010 3Q ,2010 2Q ,2010 1Q ,2009 4Q ,2009 3Q ,2009 2Q ,2009 1Q ,2008 4Q ,2008 3Q ,2008 2Q ,2008 1Q ,2007 4Q ,2007 3Q ,2007 2Q ,2007 1Q ,2006 4Q ,2006 3Q ,2006 2Q ,2006 1Q ,2005 4Q ,2005 3Q ,2005 2Q ,2005 1Q ,2004 4Q ,2004 3Q ,2004 2Q ,2004 1Q ,2003 4Q ,2003 3Q ,2003 2Q ,2003 1Q ,2002 4Q ,2002 3Q ,2002 2Q ,2002 1Q ,2001 4Q ,2001 3Q ,2001 2Q ,2001 1Q ,2000 4Q ,2000 3Q ,2000 2Q ,2000 1Q ,1999 4Q ,1999 3Q ,1999 2Q ,1999 1Q ,1998 4Q ,1998 3Q ,1998 2Q ,1998 1Q ,1997 4Q ,1997 3Q ,1997 2Q ,1997 1Q ,1996 4Q ,1996 3Q ,1996 2Q ,1996 1Q ,1995 4Q ,1995 3Q ,1995 2Q ,1995 1Q ,1994 4Q ,1994 3Q ,1994 2Q ,1994 1Q ,1993 4Q ,1993 3Q ,1993 2Q ,1993 1Q ,1992 4Q ,1992 3Q ,1992 2Q ,1992 1Q ,1991 4Q ,1991 3Q ,1991 2Q ,1991 1Q ,1990 4Q ,1990 3Q ,1990 2Q ,1990 1Q ,1989 4Q ,1989 3Q ,1989 2Q ,1989 1Q ,1988 4Q ,1988 3Q ,1988 2Q ,1988 1Q ,1987 4Q ,1987 3Q ,1987 2Q ,1987 1Q ,1986 4Q ,1986 3Q ,1986 2Q ,1986 1Q 
D Overall Balance (A-B+C),-74171.8,-46101.5,4940.8,30068.1,21668.7,32229.6,36791.3,14253.2,45276.2,6995.8,3530.8,4141.1,-32021.5,12906.8,-3909.6,6221.7,7779.7,6832.7,5583.5,11200.7,4443.2,16613.8,-3926.7,5434.4,4757.3,-8720.3,-354.3,479.4,2686.5,-1310.9,110.5,3405.2,4654.5,447.6,7677.7,949.6,5385.6,8718,13542.4,7849.3,4842.5,6371.7,-300.5,10087.4,5465.5,6235.3,16476.9,6271.9,13686.6,21045.1,11981.8,7020.8,1031.1,-3577.5,4416.7,-2141.2,4290.6,11965,12614.9,6031.4,9136,1515.3,9486.6,4005.8,5115.5,8387.8,4347.4,1290.4,9980.8,4778.1,8690.7,818.9,304.3,10655,2927.5,5076.3,2913.9,856.8,-436.5,932.7,221.6,1568.4,3957.7,-2230.4,-4384.8,1054.2,3760.9,4393.9,5859.5,-2170.8,2942.7,-6,4799.4,-414.9,2565.5,865.7,1209.5,339.9,1188,2903.1,1679,6085.6,3075.9,2719.8,2823.4,1787.5,2211.1,2258.4,5719.5,1984.9,1174.1,3217.5,1159.4,1750.7,3744.2,3262.1,2888.9,2258.5,2145.1,2354.2,3685.5,1774.2,1991.1,2497.7,2276.7,497.3,1683.9,3694.8,2401,2112.8,1221.6,1727.4,1500.4,884.8,1707.5,92.5,486,1057.6,925.2,671.8,529.8,201.7,460.1,206.6,508,33.9
  A Current Account Balance,27464.9,28711.2,25720.4,26719.3,26545.5,17646.2,17568.7,22648.9,22686.2,17313.2,18274.2,19783,17341.6,18637.5,19995.2,23467,18147.1,15442.8,18933.5,23265.7,20173,19630.6,17389.3,24697.6,19913.1,15729.4,20336.2,21771.6,16634.2,20412.5,20413.4,22676,15753.2,12769.4,16047.4,15555.5,17628.8,11220.6,15268.6,16931.2,16467.9,16395.5,16590.2,22049.4,19512.5,19916.4,21454.3,21047,16933.5,15552.7,11352.9,10355.1,11943.3,12641.8,6745.9,10913.6,11362.9,12297.4,13200.9,21181.3,18442.8,21194.2,17670.5,15295.4,15294.5,15250.7,14173.8,14788.2,11455.1,9063.3,10331.3,11099.9,8455.2,7660.8,9943.6,11429.5,9150.8,10818.3,7398.2,6841.4,4726.4,5685,6511.3,4864.4,6489.1,5355.7,2857.1,6106.7,4976.7,4397.5,7231.7,6042.8,6974.3,4912.3,8986.5,9472.4,7907.8,4898.7,5543.6,5666.5,7165.4,4771.3,4376.8,7172.2,4427.9,3883.7,4080.1,5445.6,4816.8,6189.9,5966.5,6172.7,4202.9,863,2070.3,2487.7,784.7,1293.7,-84.4,3455.5,2596.5,3567.9,3681.9,2595.6,2104.9,37.2,2277,2300.2,1128.4,-9.9,2471.2,2108.6,646.1,582.5,1426.3,953.5,909.3,628.9,70.7,110,261.5,-659.2,134.5,351.1,792.7,-545.4
    Goods Balance,45481.3,37977.4,43076.1,40390.3,42600.4,32754,36170.8,37933.9,36850.6,32025.1,33048.4,35034.7,34865.9,30931.5,39187.7,37602.6,34378.7,29295.5,35542.2,35351.1,34101,34520.2,30594.5,33128.7,31401.3,29128.7,32954.1,30153.9,30151,34008.9,30327.4,30462.8,26630.1,22426.5,26409.4,24100.8,26020.1,22044.3,21536.3,25133.1,23700.5,23297.3,23507.1,24956,22012,24552.4,24117.5,23478.3,21442.4,17183.1,19317.3,18954.4,17516.7,13864.6,10195.8,15237.7,15572.8,17564.3,17473.9,25359.8,21424.5,23358.4,23144.8,20307.3,19680.2,20012.8,23069.8,21737.3,18580.2,15916.3,18743.3,18582.9,16006,15278.1,17376.6,17005.1,14216.5,15451.8,12198.7,10857.4,8513.2,8800.5,10330.4,8270.7,9136.6,9122.7,6606.8,8125.5,6566.3,5878.7,8624.6,6174.6,7143,5322.6,8129.6,7988.4,6654.5,3844.3,4426,4117.4,5254.6,2881.3,3933,5600,3663.3,2780.8,3450.4,4114.7,3231.3,4046.1,2011.5,1521.9,570.9,-2136.8,-1260.4,-234.5,-1532.9,-1462.7,-1780.9,108.5,-985.5,-389.9,597.6,176.1,-64.2,-978.4,-499.5,-160.2,-1232.3,-1145.3,494.8,96.8,-522.4,-759.4,432.2,-207.2,-127,-117.6,-650.1,-403.7,-315,-1041.1,-554.2,-442.9,-7.6,-1044.3
      Exports Of Goods,206473,188020,186083.3,169835.8,165814.9,155269,150293.1,145498.9,131072.5,149539.9,155365.7,152332.7,151489.5,144610.5,159455.4,161311.8,155434,145040.5,152368.2,144444.5,140569.6,138773.8,138916.3,129101.5,127582,120042.1,136183.7,136164.1,137023.6,135365,141653.9,144338.7,146206.5,138752.3,145339.2,148262.8,145807.2,133668,136472.8,137657.1,145181.7,144363.1,144287.9,143571.9,139523.8,137031.7,131576.9,133113.1,128234,117620.9,115831.4,111894.7,100604.1,92773.4,109086.3,136062,130701.6,125304.3,122020.7,121526.9,114896.9,111003.2,113064.9,115852.1,110696.9,106242.2,112583.8,105195.6,96395.9,88886.3,92518.8,92357.4,85742.4,78578.3,79148.9,74441.1,69444.3,68634.9,66952.2,65772.1,64390.3,57976.3,60892,59673.7,62642,64756.6,73117,71851.5,63999.8,58147,61484.9,56168.9,53115.5,46741,49334.7,51581,49544,50550.3,56657,55199,52660.5,47896.1,51918.9,50471.3,49071.4,48625,50611.4,49425.4,45885.6,42614.6,40859.1,40251.5,38013.5,30340.5,32711.7,33041.5,31424.9,28535,29539.8,27809.7,25927.1,25075.2,25968.4,27043.5,26591.6,26273.4,27912.6,24546.6,23242.2,23327.1,24346.4,23037.8,22074.4,19587.4,22819,21265.1,20093.2,17658.8,17454.9,16324.9,14832.4,12591.4,13132.4,12404.7,12398.5,11497.6
      Imports Of Goods,160991.7,150042.6,143007.2,129445.5,123214.5,122515,114122.3,107565,94221.9,117514.8,122317.3,117298,116623.6,113679,120267.7,123709.2,121055.3,115745,116826,109093.4,106468.6,104253.6,108321.8,95972.8,96180.7,90913.4,103229.6,106010.2,106872.6,101356.1,111326.5,113875.9,119576.4,116325.8,118929.8,124162,119787.1,111623.7,114936.5,112524,121481.2,121065.8,120780.8,118615.9,117511.8,112479.3,107459.4,109634.8,106791.6,100437.8,96514.1,92940.3,83087.4,78908.8,98890.5,120824.3,115128.8,107740,104546.8,96167.1,93472.4,87644.8,89920.1,95544.8,91016.7,86229.4,89514,83458.3,77815.7,72970,73775.5,73774.5,69736.4,63300.2,61772.3,57436,55227.8,53183.1,54753.5,54914.7,55877.1,49175.8,50561.6,51403,53505.4,55633.9,66510.2,63726,57433.5,52268.3,52860.3,49994.3,45972.5,41418.4,41205.1,43592.6,42889.5,46706,52231,51081.6,47405.9,45014.8,47985.9,44871.3,45408.1,45844.2,47161,45310.7,42654.3,38568.5,38847.6,38729.6,37442.6,32477.3,33972.1,33276,32957.8,29997.7,31320.7,27701.2,26912.6,25465.1,25370.8,26867.4,26655.8,27251.8,28412.1,24706.8,24474.5,24472.4,23851.6,22941,22596.8,20346.8,22386.8,21472.3,20220.2,17776.4,18105,16728.6,15147.4,13632.5,13686.6,12847.6,12406.1,12541.9
    Services Balance,3698.7,4108.1,293.3,2920.7,2875.2,2355.7,2196.7,3073.3,2295.7,501.3,3533.6,4209.5,2455.3,3137.3,-324.5,2677.5,2075.2,1878.7,-4325.5,-2717.7,-3232.2,-4086.1,-2696.1,-544.9,-1899.9,-3654.7,-3176.4,-1846,-3355.7,-3298.8,-4122.3,-2976.8,-4995.1,-4240.2,-2040.6,-1766.7,-2251.3,-3557.8,283.9,-1859.2,-1566.3,-1186.3,-442.7,1440.3,762.4,38.2,821.4,614.8,-1121.4,-499.9,-954.8,-1947.3,-990.8,594.3,-886.1,72,-981.7,-176.2,-436.6,-197,-754.4,-955.2,-2385.5,-2785,-2936.8,-2509.1,-4275.9,-3453.6,-4299.2,-3694.5,-4463,-4156.4,-4597.8,-4102.3,-5062.2,-3688.3,-4183.1,-3561.9,-2885.3,-2252.2,-2764.5,-1935.9,-2566.1,-2186.1,-2838.1,-2730,-2471.8,-1540.9,-1676.5,-1053.6,-1534.5,-123.8,-260.2,-475.8,1036.3,1420,898.3,869.8,704.8,1426.4,1452.8,1634,1319.9,1848.4,1382.4,1705.8,1028.3,1878.4,1413.1,1725.9,4137.1,4796.9,3971.7,3327.2,3870.3,3785.9,3351.5,3162.4,3434.6,3507.6,3169.3,3245.3,3168.6,2651.6,2659.7,2160.1,2928.5,2687.4,2492.2,2015.7,2211.2,2082.2,1606.6,1545.6,1338.5,1402.1,1341.7,1046,1166.4,918.2,978.4,698.9,847.9,872.6,880,526.2
      Exports Of Services,85719.7,83358.4,80500.3,77391.9,75715.7,75212.7,73727,69666.8,66212.1,79697.3,75796.1,73567,73089.9,71537.5,69756.7,70129.7,68841.7,67992.6,60988.5,59581,58832.2,56719.6,54276.1,52815.5,52919.6,50112.1,53347.3,53517.3,52373.6,51384.5,50234.3,48936.2,47712.5,47960.2,46526.7,45394.6,44351.1,41446.9,42820.8,39355.9,40046,39546.5,37624.4,38212.7,37653.7,36522.2,35958.6,34623.2,34072.4,32218.1,31553.3,29423.3,28409.4,28446,30598,32282.3,31133.4,32141.3,29643.5,28499.3,27107.8,25546,24809.1,23339.4,22536.5,21989.8,20376.7,19611.7,18385.7,17530.7,17908.3,16896.3,16301.5,15689.7,14348.4,13887.8,11583.1,13146.9,12863.9,12732.4,12214.1,12125.9,11840.5,11511.3,11471.9,11462.4,11513.8,11597.7,11060.2,10683.1,10452.2,10775.2,10704.5,9051.8,9452.6,10060.8,9524.2,9250.7,9906.2,10126,9851.9,9387.5,9891.7,9682.8,9457.8,9364.4,9453.1,9611.2,8992.9,8834.9,9934.9,10188.9,9313.4,8157.8,8721.7,8483,7985.3,7390.1,7912.8,7522.6,6914.2,6636.6,7128.8,6668.8,6563.1,6143.3,6996,6591.2,6370.1,5921.3,5781.7,5412.8,5024,4659,4459.4,4376.8,4250,3774.7,3763.9,3404,3426.1,2905.1,3069.8,2963.1,2925.7,2428.3
        Manufacturing Services On Physical Inputs Owned By Others,139.4,135.9,147,141.4,129,103.4,95.5,85.8,86.8,97.4,63.5,67.3,63.3,59.7,82.2,97.8,95.2,87.4,60.1,60.4,63.1,59.6,75.7,74.5,67.1,67.5,86.3,86.2,88.2,85.8,107,106.3,107,104.1,74.2,71.6,72.3,65.1,62,61,64.3,62.3,65.1,64.7,64.7,65.9,71.3,71.2,80.6,66.4,82.1,90.8,80.4,70.1,107.5,113.1,108.3,123.2,125.7,132.6,119.7,114.6,146.4,136.4,128.1,123.8,89,81.6,75.5,68.9,95.5,88.2,87.6,81.9,81.6,77.6,71.3,72.6,92.8,94.8,96.4,85.5,48.3,46.9,48.6,51.2,54.4,53.3,49,45.7,55.8,56.3,52.6,49.3,77.2,75,74.2,70.3,100.6,99.4,94.4,83.9,72.4,70.9,70.8,69.1,38.9,39.2,35.7,32.3,na,na,na,na,na,na,na,na,na,na,na,na,na,na,na,na,na,na,na,na,na,na,na,na,na,na,na,na,na,na,na,na,na,na,na,na
        Maintenance And Repair Services,3229.7,2927.4,2740.8,2658.3,2312.6,2454.6,1947,2033.9,2133,3146.4,2848.4,2678,2635.7,2387.7,2486.1,2418.2,2456.9,2728.6,2315.2,2070.2,1949.4,1881.5,2291,2080.8,2304.8,1861.1,2442.4,2382.2,2315.4,2175.2,2188.4,2465,2192.6,3007.1,2870.3,3087.5,2486.5,2322.9,2176.3,2118.1,2382.9,2375.8,2482.3,2632,2068.8,2159.8,1994.3,2007.6,2359.1,2287.4,2198.2,2215.9,2284.1,2429.9,2223.9,2265.8,1542.7,2322.2,1564.3,1705.3,1887.1,1448.9,1571.5,1496.1,1420.4,1213,1256.4,1295.8,1151.6,1093.9,1021.2,855.6,869.1,704.6,759.7,716,739.6,667.8,753.1,896.6,699.9,722.2,551.6,544.9,525.3,477.7,484.9,398.9,461.7,409.8,395.3,526,427.3,401.1,713.2,661.2,571.4,663.6,546.8,556.8,477.6,486.6,457.2,523.4,451.5,431.6,396.8,538.8,377.2,408,na,na,na,na,na,na,na,na,na,na,na,na,na,na,na,na,na,na,na,na,na,na,na,na,na,na,na,na,na,na,na,na,na,na,na,na
        Transport,26115.6,26121.5,23265.7,23379,22161.9,22720.9,21398.2,21167.4,19770.9,24697.6,22062.3,21414.8,21774.7,20957.4,21265,20987.7,20558.8,20444.6,17586.6,16890.5,16823.6,15841.3,14820.7,14378.6,14562.7,13603.8,15387.1,16371.9,16108.5,16229.6,15917.7,16238.1,16239.8,15523.2,15142,14993.6,14746,12949.3,14001.4,13909.6,14063.2,13612.1,13175.1,13289.1,14177.1,12881.7,13917.7,13398.9,12787.8,12502.2,11675.2,10784.8,10232.4,10673.3,12270.2,13140.4,12773.3,12924.9,11691.7,11147.8,10408.6,10394.7,9330.9,9058.3,8580.3,8907.6,8628.2,8306.2,7837.5,7663.2,7667.8,7324.4,6816.5,6821.6,6537.2,6107,4886.8,5812.2,5550,5473.1,5277.2,5239,5294.5,5098.8,4959.7,5144.9,5289,5301.6,4961.9,4826.8,4682.9,4580.5,4869.1,3826.4,3691.5,4162.1,3762,3441.7,3246,3326.6,3127.3,3034.1,3181,3127.7,3018.1,3029.4,3059.9,3075.3,2861.1,2814.9,1673.2,1639,1545.2,1317,1346.7,1341.7,1275.3,1164,1216.8,1160,1078.6,1050.1,1095,1111.4,1072.9,1069.6,1119.1,1009.1,960.6,944.6,975.7,923.7,881.8,802.8,885.4,836.2,778.5,702.1,696.8,666.8,616.5,537.2,553.6,539.6,534.6,508.2
        Travel,3902.9,2032.3,1712.3,1127.3,1147.8,1128.6,1018.3,921.1,884.8,4317.1,7057.8,7250.3,6684.4,6718,6534.9,7231.3,6759.2,7020.3,6584.5,7046.7,6849.7,7030.1,6401.7,7155.3,6728.4,5934.9,5597.1,6213.8,5392.7,5641.9,5893.1,6130.3,5853.5,6400.5,5856.4,6397.4,5902.3,5907.2,6087.5,5677.8,5598.7,6123.3,5692.3,6028.6,5414.7,5415.6,5354.4,5390.1,4763.3,3823.4,3693.5,3180,3249.8,3294.4,4026.9,3714.9,3616.3,3660,3757.3,3562,3372.3,2971.9,3276.2,3025.9,2970.2,2701.2,2896.2,2645.8,2500.1,2292.4,2545.8,2282.6,2150.1,2018.2,1959.4,1780.6,1145.3,1821.1,2114,1929.1,1918.2,2019.2,2025.9,2082.5,2098.8,2105.2,2141.6,2378.4,2204.5,2140.2,2095.1,2432.1,2233.7,1864.4,1923,1966.2,1911.1,1901.2,2183.3,2289.1,2472.4,2409.7,2641.6,2670.4,2502.1,2622.5,2675.3,2763.6,2643.7,2703.9,2629.7,2747.1,2453.1,2528,2676.9,2688.5,2483.3,2485.8,2417.8,2434.5,2212.5,2268.6,2163.5,2164.4,1887.7,1758.2,2164,2188.5,1999.1,2076.2,1763.5,1729.4,1514.1,1543.9,1430.9,1395.4,1278.1,1273.1,1216.8,1212.5,1096,1072,1057.4,1015.1,933.6,932.9
        Insurance,2051.7,2059,1888.3,2005.1,2064,1968.2,2223.8,2033.8,1927.5,2074.4,2447.2,2180.3,2175.4,2135.9,2416.8,2489.1,2387.1,2190.3,1882.7,1697.9,1656.9,1474.1,1463.6,1448.6,1598.6,1566.1,1356.6,1310,1325.8,1320.3,1000.9,1050.8,1107.6,1082.2,926.9,836.1,887.6,983.9,749.6,832.8,855.8,958.4,679.7,786.9,752.7,816.1,731.5,819.2,926.1,840.9,595.7,560,531.1,523.4,439.2,453.5,541.8,507.5,426.9,363.7,365.2,414.3,303.9,292,354.5,303.7,285.5,219.3,315.9,317.3,223.9,223.6,284.8,235.2,219.8,250.9,199.4,186.4,347.9,221.8,231.1,201.1,220.7,174.1,233.1,105,326.4,257.9,238.2,102.9,213.8,188,187.1,116.2,139.5,175,162.9,171.5,212.4,267.4,191.5,136.4,268.7,183.3,291.5,188.5,249.8,259,246,185,128,127,126.4,122.4,109.7,109.3,104.3,99.7,73.4,69.8,67,63.2,49.5,49.3,49.4,49.2,40.1,40.1,40.1,40,46.7,46.6,46.6,46.5,49.7,49.5,49.6,49.4,53.1,53.1,53,52.9,44.4,44.2,44.1,44.1
        Government Goods And Services,109.3,108.1,106.2,105.4,105.2,104.9,102.9,102.8,102.8,103.5,104.6,104.7,105.1,104.8,103.2,103.4,103.4,103.5,102,102.2,102.3,102.4,100.9,101.2,101.3,101.4,98.8,99.1,99.5,99.6,98.4,98.8,99,99.1,98.2,97.9,97.3,98.1,96.2,96,95.6,95,93,92.8,91.8,91.3,90.6,90.3,89.8,89.2,87.5,87.5,87.2,87.6,87.6,87.6,87.1,85.8,82.5,81.9,80.9,80.1,80.1,80.1,80,80,76.5,76.7,76.7,76.7,71,71.2,71.2,71.1,66.4,66.7,66.5,66.6,61.5,61.8,61.7,61.7,57,57.2,57.2,57.1,53.3,53.2,53.1,53.1,49,49.3,49.2,49.3,47.1,45,45,44.9,41.6,41.9,41.7,41.7,38.4,38.6,38.6,38.6,35.6,35.5,35.4,35.3,39.9,40,40,40,40.3,40.2,40.3,40.3,39.9,39.9,40.3,39.9,40.5,40.4,40.5,40.3,41.7,41.7,41.7,41.7,43.3,43.2,43.2,43.2,48.2,48.2,48.3,48.2,47.5,47.4,47.5,47.5,49.4,49.3,49.4,51.1
        Construction,360.1,382,371.6,365.6,348.5,373.2,361,215.2,159.2,479.4,438.3,414.3,409.1,437.9,407.9,390.6,388.1,416.4,263.3,247,242.8,258.4,332.8,339.1,346.5,344.8,306.2,298.8,290.3,276.9,380.1,372.9,356.7,364.7,562,540.5,515.7,517.4,499.3,487.9,468.8,466.3,526.3,498.2,458.7,457.8,363.4,353.1,347.4,342.6,427.6,388.1,362.4,366.5,432.2,404.7,355.2,340.1,312.7,287.2,257.9,279.3,235.9,224.4,198.6,222.6,236.2,221.7,209.7,233.7,275.1,271.4,257.9,289.4,191.4,191.5,176.3,183.4,132.1,134.4,130,146.7,83.8,88.7,85.1,88.6,61.2,60.6,55.3,54.7,71.5,69.5,67.4,72,83,84.6,81.9,80.6,106.7,100,88.3,81.7,112.9,106,99.8,96.3,116.6,106,97.2,89.6,na,na,na,na,na,na,na,na,na,na,na,na,na,na,na,na,na,na,na,na,na,na,na,na,na,na,na,na,na,na,na,na,na,na,na,na
        Financial,12223.2,12142.3,13666.5,11839.9,12212.2,12263.6,12869.4,11249.5,11480.5,11768.7,11207.6,10339.1,10255.1,10006.1,9908.9,9740.8,9476.6,9671.3,9197,8877.3,8590.8,8283.6,8830.5,7263.8,7064.4,7101.4,7937.7,7018,7044,6880,8291.5,6457.1,5930,5985.9,6923.7,5500.2,5817.2,5370,5812.3,4935.4,5119.5,4827.4,4705.8,4809.9,4829.7,4783.2,4724.1,3938.9,4005.2,3985,4497.6,3880.4,3775.5,3460.7,3168.8,4063.3,4233.4,4254.1,4545.8,4151.5,3820.8,3305.6,3156.1,2541.1,2596.7,2419.2,2199.6,2161.6,1777.6,1523.9,1695.9,1565.7,1631.5,1454,1367.2,1593.2,1350.3,1370.8,1120.5,1209.2,1112.5,1093.9,1062,915.2,960.7,968.9,757.2,767.3,784.4,872.3,1084,1091.8,1070.5,1002.2,1077.1,1171.3,1177.8,1182.1,1609.6,1610.1,1599.8,1452.9,1336.9,1221,1265.4,1227.9,1267.3,1205.6,1179.1,1134.8,na,na,na,na,na,na,na,na,na,na,na,na,na,na,na,na,na,na,na,na,na,na,na,na,na,na,na,na,na,na,na,na,na,na,na,na
"        Telecommunications, Computer & Information",6474.5,6593.9,6028.9,6349.5,6362.3,6293.5,5891.5,6176.1,6118.3,5930.9,4452.6,4524.5,4760.7,4615.1,5044.5,5118.9,4913,4805,4344,4391.1,4461.7,4604.6,3908.3,4244.8,4262,4357.9,3092.3,3072.2,3040.5,2994,2611.6,2534.5,2470.3,2478.2,2456.5,2409.1,2351.3,2335.4,2038.7,2096.3,2127.4,2140.8,1578.3,1510.1,1544.7,1606.8,1241.2,1216.6,1200.1,1173.3,1016.2,967.7,918.2,902,959.2,952,905.7,858.8,755.9,722.2,693.3,658.8,658.8,627.8,604.9,588.1,443.7,441.4,436.4,420.8,470.1,470.7,428.5,409.5,372.7,355.6,344,351.5,338.9,347.9,344.6,334.2,336.9,324.8,323.8,311.9,259.4,255.9,249.2,226.2,243.7,242,239.8,223.8,270.6,280.5,292.4,282.5,311.4,310.7,292.2,267.7,309,304.1,290.3,279.9,288.9,286,274.3,257.5,na,na,na,na,na,na,na,na,na,na,na,na,na,na,na,na,na,na,na,na,na,na,na,na,na,na,na,na,na,na,na,na,na,na,na,na
        Charges For The Use Of Intellectual Property,4557.1,4255.6,4155.1,3852,3857.7,3784.1,3257.6,2942.8,2719,3047.4,2811.3,2908.7,2876.7,3207.6,2622,2916.5,3431.4,2873.5,2854.8,2731.6,2923.9,2546.7,2390.5,2367.1,2700.4,2276.2,2987.2,2864.1,3220,2822.8,1120,1247.3,1259.7,1326.5,1102.1,1020.7,1121.9,1027.8,943,843.5,881.9,846.2,805.8,796.3,786.8,956.5,649.5,648.8,733.7,604.2,528.9,584,517.1,450.8,408.3,429.6,411.3,467.9,336.5,354.8,320.3,306.6,297,276.7,259.9,251.2,305.9,280.4,259.4,236.6,201,185.7,184.3,172.4,101.1,95.9,88,89.6,76.1,77.7,79,70.1,33.8,32.6,33.7,35.5,30.2,29.4,27.1,25.3,25.9,26.2,24.6,22.9,21.4,20.9,20.7,19.6,17.2,17,16.1,14.4,19.2,18.9,18.6,18.2,18,18.4,16.6,15,na,na,na,na,na,na,na,na,na,na,na,na,na,na,na,na,na,na,na,na,na,na,na,na,na,na,na,na,na,na,na,na,na,na,na,na
"        Personal, Cultural And Recreational",291.6,301.6,317,294.1,277.8,295,323,301.2,289.2,294.1,334.2,315.7,300.6,313.4,257.9,251.1,239.5,246.1,176.2,171,161,166.1,197.7,193.8,180.6,180.3,232.1,212.1,200.3,208.3,214.8,196.6,188,202,169.3,160.8,149.8,156.6,158.4,159.4,137.1,143.7,146.1,149.2,128,133.5,111.8,110.7,110,100.8,101.9,101,97.9,97.2,117.7,117.1,116.1,114.2,50.9,51,50,49.8,32.5,32.6,32.4,32.3,30.4,30.4,29.4,29.2,30.8,30.5,29.8,30.2,25.3,25.1,23.8,25.3,19.8,19.5,19.2,19,25.1,24.8,23.9,24.4,16.5,16.2,15.6,15.6,13.8,13.4,13.2,13.6,5.8,6.2,6,6.3,3.6,3.9,3.6,3.9,4.6,4.5,4.1,4.1,5.4,5.3,5,5.1,na,na,na,na,na,na,na,na,na,na,na,na,na,na,na,na,na,na,na,na,na,na,na,na,na,na,na,na,na,na,na,na,na,na,na,na
        Other Business Services,26264.6,26298.8,26100.9,25274.3,24736.7,23722.7,24238.8,22437.2,20540.1,23740.4,21968.3,21369.3,21049.1,20593.9,18627.3,18384.3,18032.5,17405.6,15622.1,15295.1,15007,14471.2,13462.7,13167.9,13002.8,12716.7,13823.5,13588.9,13248.4,12650.1,12410.8,12038.5,11908.3,11386.7,10345.1,10279.2,10203.2,9713.2,10196.1,8138.1,8250.8,7895.2,7674.6,7554.9,7336,7154,6708.8,6577.8,6669.3,6402.7,6648.9,6583.1,6273.3,6090.1,6356.5,6540.3,6442.2,6482.6,5993.3,5939.3,5731.7,5521.4,5719.8,5548,5310.5,5147.1,3929.1,3850.8,3715.9,3574.1,3610.2,3526.7,3490.2,3401.6,2666.6,2627.7,2491.8,2499.6,2257.2,2266.5,2244.3,2133.3,2100.9,2120.8,2122,2092,2039.7,2025,1960.2,1910.5,1521.4,1500.1,1470,1410.6,1403.2,1412.8,1418.8,1386.4,1527,1503.1,1447,1374.5,1449.8,1414,1407,1358.3,1300.6,1278.5,1221.6,1153.5,5464.1,5635.8,5148.7,4150.4,4548.1,4303.3,4082.1,3600.3,4164.9,3818.4,3515.8,3214.8,3780.3,3303.3,3512.6,3226,3631.1,3311.8,3328.6,2818.8,2952.5,2669.9,2538.3,2222.6,2045.2,2047.5,2095.5,1701.9,1749.7,1424.2,1613.1,1195.5,1365,1314.9,1364,892
      Imports Of Services,82021,79250.3,80207,74471.2,72840.5,72857,71530.3,66593.5,63916.4,79196,72262.5,69357.5,70634.6,68400.2,70081.2,67452.2,66766.5,66113.9,65314,62298.7,62064.4,60805.7,56972.2,53360.4,54819.5,53766.8,56523.7,55363.3,55729.3,54683.3,54356.6,51913,52707.6,52200.4,48567.3,47161.3,46602.4,45004.7,42536.9,41215.1,41612.3,40732.8,38067.1,36772.4,36891.3,36484,35137.2,34008.4,35193.8,32718,32508.1,31370.6,29400.2,27851.7,31484.1,32210.3,32115.1,32317.5,30080.1,28696.3,27862.2,26501.2,27194.6,26124.4,25473.3,24498.9,24652.6,23065.3,22684.9,21225.2,22371.3,21052.7,20899.3,19792,19410.6,17576.1,15766.2,16708.8,15749.2,14984.6,14978.6,14061.8,14406.6,13697.4,14310,14192.4,13985.6,13138.6,12736.7,11736.7,11986.7,10899,10964.7,9527.6,8416.3,8640.8,8625.9,8380.9,9201.4,8699.6,8399.1,7753.5,8571.8,7834.4,8075.4,7658.6,8424.8,7732.8,7579.8,7109,5797.8,5392,5341.7,4830.6,4851.4,4697.1,4633.8,4227.7,4478.2,4015,3744.9,3391.3,3960.2,4017.2,3903.4,3983.2,4067.5,3903.8,3877.9,3905.6,3570.5,3330.6,3417.4,3113.4,3120.9,2974.7,2908.3,2728.7,2597.5,2485.8,2447.7,2206.2,2221.9,2090.5,2045.7,1902.1
        Manufacturing Services On Physical Inputs Owned By Others,3414.3,3129.2,2973.2,2762.1,2937.6,2729.7,2348.1,1971.3,2306.2,2658.6,2074.3,2036.9,1958.2,1858.9,1907.6,1931.3,1892.6,1845.4,2171,1942.3,1957.6,2124,1845,1925.5,2079.1,1840.1,2078.8,2075.8,2122.1,2064.5,1978.1,1964.6,1978.7,1925.4,1702.3,1643.3,1660.4,1494.5,1329.3,1306.5,1378.4,1335,1121.1,1115.5,1114.4,1135.9,1109,1107.6,1252.7,1031.7,831.4,917.9,812.7,708.7,608,639.5,612.2,696.6,398.8,420.6,379.6,363.4,332.5,309.7,290.9,281.1,322.5,295.5,273.3,249.4,232.2,214.3,212.8,199,111.3,105.8,97.2,98.9,126.1,128.8,131,116.2,78.1,76,78.7,82.9,58.6,57.4,52.8,49.3,52.9,53.3,49.8,46.6,45.3,44.1,43.7,41.4,96,94.8,90.1,80,52.6,51.4,51.4,50.1,125.8,126.6,115.1,104.2,na,na,na,na,na,na,na,na,na,na,na,na,na,na,na,na,na,na,na,na,na,na,na,na,na,na,na,na,na,na,na,na,na,na,na,na
        Maintenance And Repair Services,237.3,232.9,221.5,266.7,233.3,229.3,221.1,275,241.6,240.8,271.7,328.9,291.7,285.1,232.5,278.2,242.4,238.4,191,230.4,202.1,198.2,218.2,256.6,225.4,223.9,213.5,255.8,229.1,230.9,205.8,243.9,215.7,215.3,198.2,233.5,206.4,207.1,196.3,231.8,205.6,203.3,204.3,241.5,213.1,213.4,212.6,248.9,202.4,210.2,236.1,276.6,236.1,242.2,189.3,207.3,181.1,179.3,131,153.8,130.9,130.7,113.6,130.4,114.1,113.3,73,92.4,76.7,72.3,53.5,66.6,59.5,58.3,52.1,64,56.4,52.7,52,62.2,54.4,53.6,46.3,52.5,48,48.9,40.5,46.9,42.7,41.1,44.3,47,43.9,37.8,49.9,58.7,37.6,43.5,56.3,57.8,52.4,45.2,65,66.7,60.9,54.7,57,60.2,56.4,49.9,na,na,na,na,na,na,na,na,na,na,na,na,na,na,na,na,na,na,na,na,na,na,na,na,na,na,na,na,na,na,na,na,na,na,na,na
        Transport,26368.4,27100.4,25410,25230.8,24040.1,24566.7,21882.4,22180,20591.4,26274.4,21859.7,21502,22569.2,21250.3,21687.2,21286.8,21130.5,20782.5,18308.6,17462.2,17473.6,17131.4,15510.2,14726.6,15262.4,14609.8,16321.3,16447.3,16587,16256,14641.8,14385.7,14580.4,14214.4,12720.3,12573.2,12421,11566.2,11267.2,11172.4,11102.6,10966.2,10569,10461.7,10636.1,10122.6,10455,10055.6,10057,9735.4,9843.6,9022.2,8507.7,8386.4,9974.6,10730.7,10651.1,10455.6,10795.9,10166.6,9940.5,9551,9382.9,9402.8,9095.9,8821.8,9046.8,8504.2,8321.8,7757.7,7990.8,7595.1,7397,6963.9,6323,5690.8,5148.5,5510.1,5053.4,4775.3,4713.2,4495.6,5412,5134.3,5506.3,5554.5,5816.7,5491.4,5379.2,4941.9,5074.6,4511.7,4887.7,3891,3739.4,4084.9,3984.3,3853.5,4067,3849.9,3777,3466.7,3729.2,3385,3482.3,3425.6,3594.9,3349.8,3279.5,2939.6,1935.4,1882.3,1835.4,1674.6,1686,1702.1,1627.9,1470.8,1667.1,1476.1,1406,1286.2,1592.5,1692.2,1609,1661.2,1700.6,1572.6,1552.4,1542,1472.2,1409.9,1421.5,1218.4,1343.1,1326.2,1226.5,1116.8,1107.3,1065.4,993.8,880.2,1007.5,953.9,921.6,870.8
        Travel,5330.3,2132.6,1938.1,1305.5,1123.5,1042.5,955.7,874.7,867.7,7306.1,9859,9166.2,9421,8823.5,9597,8775.7,8973.1,8450.1,9240.7,8297.2,8753,8257.7,8797,7844.9,8457.4,8016.3,8629.5,7866.4,8238.6,7790.4,8283.6,7616.9,8336.8,8131.4,8127.4,7493.7,7600.6,7318.6,7876,7034.1,7240.1,6765.6,7266.1,6576.7,6844.3,6254.5,6922.9,6195.8,6424.6,5954,6409.1,5623.9,5617.4,5190.5,6217.6,5514.2,5897.4,5489.9,5708.9,4957.4,5142.3,4542.3,4860.1,4359.2,4519.5,4165.2,4455.7,4038,4283.2,3984.1,4233.7,3773,4012.5,3685,4240.5,3753,3070.4,3530.6,3985,3576.4,3647.4,3482.9,3127.4,2899.1,3022.2,2794.5,2414.9,2065.4,2152.8,1880.6,2192.7,1773.7,1702.7,1471.2,1430.8,1250.4,1415.4,1286.8,1852.2,1582.7,1562.3,1483.8,2022.9,1722.1,1769,1556.2,1954.7,1528.6,1685.3,1436.6,1788.1,1411.1,1462.1,1246.7,1430.9,1248,1308.4,1094.1,1283.5,1089.4,935.4,786.4,843.4,767.5,775.2,798.2,832.3,786.7,820.2,822.8,729.9,590.8,676.9,603.2,536.6,415.4,505.2,414.5,474.4,393.3,453.9,352.4,404.1,337,370.2,293
        Insurance,2138.9,2196.6,2151.9,1828.7,2166.8,2093.6,2278.8,1999.7,1984.2,2194.1,1951.1,1825.8,1898.3,1783,1664.7,1712.2,1649.3,1614.9,1524.8,1410.2,1405.8,1208,1475,1497.8,1498.9,1560.5,1023.9,1168.8,1103.5,1080.5,832.9,848.2,1069.6,858.7,1037.2,1025.8,1115.8,1078.5,781.7,863.1,895.1,958.4,768.1,829.1,819.7,901.7,707,813.3,873.7,846.3,690.2,603.1,539.5,473.6,587.1,634.4,682.1,647.4,574.8,544.3,543.3,551.4,506.9,484.5,517,464,556.5,460.7,569.5,500.8,478,507.3,562,470.2,513,511.1,436.6,434.1,560.2,443.2,448.9,382.6,459.5,425.7,502.9,380.5,652.5,571.4,501.5,396.1,640,567.1,522.4,429.1,494.6,526.6,497.2,543.1,642.3,654.6,562.8,475.8,618.2,560,623.7,547.3,628.7,637.1,615.7,502.9,319.4,300,292.4,265.8,266.8,268.1,256.6,230.5,242.8,223.1,210.3,193.2,350.2,373.4,359.6,353.9,367.9,358,344.9,341.1,329.6,309.2,322.4,269.5,308.4,297.3,269.1,245.4,237.8,223.3,206.6,178.5,124.2,115.3,113.2,107.7
        Government Goods And Services,60.5,107.7,85,65.9,59.9,89.3,77,66.4,47.7,97.8,87.7,70.8,56.8,100.3,87.5,66.2,51.2,106.2,70.7,64,48.6,110.1,68.8,62.2,73.4,105.9,69.4,56.3,47.6,101.4,67.5,57.1,54.6,115.9,73.8,63.5,53.1,96.6,70.4,60.7,43.9,81.8,64.6,50.7,49.3,96.2,74.6,56.7,41.5,88.5,62.1,95.6,48.9,113.4,73.5,61.8,62.8,121,65.1,67.2,62.4,85.6,65.4,61.1,92.6,90.6,64.1,74.5,52.3,107,70.2,49.1,59.4,103,55.3,53,30.7,74,66.2,42.1,28.4,65.8,46.3,41.5,32.7,61.9,42.2,34.7,27.3,65.8,42.2,39.2,29.3,62.4,38.1,30.9,24.2,55.4,36.4,32.7,22.9,62.8,33.3,29,20.7,48.5,32.1,27.3,19.8,45.2,38.6,38.7,28.7,43.3,35.9,42,33.6,55.6,42,51.2,33.7,45,28.6,28.1,25.9,39.5,29.6,29.1,26.1,34.1,27.7,22.3,18.8,32.2,26.4,37.3,21,43.5,23.9,22.2,20,27.4,20.1,20,20.6,27.9
        Construction,187.7,227.5,208.4,216.6,221.7,201.9,191.4,118.6,117.4,251.1,161.4,164,149.9,165,197.7,173.8,171,194.3,140.7,131.3,118.3,124,119.3,122.5,128.7,143.6,119.6,107.9,121.1,118.3,124.6,127.5,124,121.5,179.8,172.2,165.2,162.6,174.4,159.2,161.9,153.3,178.1,167.5,161.6,154.2,177.6,172.3,169.5,167.2,157.2,142.8,133.4,134.8,138.6,129.6,113.6,108.8,93.7,86.1,77.3,83.7,67.8,64.6,57.2,63.9,87.2,81.8,77.3,86.3,143.6,141.8,134.7,151.1,54.2,54,49.7,51.7,48.5,49.2,47.6,53.7,57.3,60.7,58.2,60.6,58.2,57.5,52.4,51.7,59.1,57.4,55.6,59.5,60.5,61.6,59.6,58.7,48.2,45.2,40,36.9,33.7,31.7,29.8,28.7,34.1,30.9,28.6,26.3,na,na,na,na,na,na,na,na,na,na,na,na,na,na,na,na,na,na,na,na,na,na,na,na,na,na,na,na,na,na,na,na,na,na,na,na
        Financial,2887.8,2981.4,5720.9,2766,2762.3,2850.2,5609.6,2588.8,2584.8,2788.9,3250.7,2315.1,2202.2,2042.4,2915.2,1997.6,1814.7,2126.1,2044,1936.1,1809.9,1900.9,1706.3,1529.1,1520.8,1607.1,1593.5,1568.3,1450,1582.2,1550.7,1332.8,1219.4,1399.1,1381.7,1098.6,1123.1,1043.8,1104.2,982.7,987.2,960.1,923.2,1023.9,974.3,993.7,862.6,890.9,832.9,907.4,803.7,802.4,696.5,676.1,773.4,910.6,924.6,957.5,1008.3,854.7,840.5,761.9,590.4,564.7,576.4,554.4,416.7,392,373.5,342.3,364.4,333.9,343.1,333.4,324.7,331.9,304.5,295.5,266,282,261.9,249.9,310.1,222.9,212.3,236.8,251,258,262,267.7,213.1,199.9,196.1,177.8,146.5,156.3,147.2,135.1,228.9,235.2,219.6,200.4,190.3,203.4,262.2,207.9,213.4,250.2,201.8,214.7,na,na,na,na,na,na,na,na,na,na,na,na,na,na,na,na,na,na,na,na,na,na,na,na,na,na,na,na,na,na,na,na,na,na,na,na
"        Telecommunications, Computer & Information",9271.7,8793.9,8858.1,9063.6,9056.2,8667,8025.4,7987.7,7926.3,8025.6,5677.4,5735.9,5757.8,5760.5,5099.1,5022.5,4936.6,4753.8,5187.8,5185.5,5207.7,5226.7,4373.8,4395.2,4421.1,4458.2,3761.1,3718.9,3717,3735.2,5195.1,5077.2,4994.1,5044.8,2926.4,2949,2975.7,2941.5,2349.4,2382,2396.8,2387.7,1830,1800.5,1778.4,1777.2,1155.9,1134.7,1113.1,1083.5,937.7,886.4,834.5,817.7,891.4,883.3,831.8,779.2,751,711.1,678.8,646,654.1,617.1,595.4,582.4,480.4,479.5,476.7,459.4,442.2,446.2,375.1,349.7,430.6,399.9,387.4,402.9,370.1,389.2,383.6,376.4,417.6,390.5,389,373.3,372.1,365.5,355.8,313.8,311.9,310,307,284.3,291.6,304.2,320,308.5,296.7,296.8,277.9,251.7,249.3,245.5,230.8,223.2,252.1,250.8,240,224.9,na,na,na,na,na,na,na,na,na,na,na,na,na,na,na,na,na,na,na,na,na,na,na,na,na,na,na,na,na,na,na,na,na,na,na,na
        Charges For The Use Of Intellectual Property,6213.9,6017.4,6297.1,6057.3,5832.1,5744.6,5441.9,5401.2,5161.2,5168.4,5268.5,5217.6,5307.6,5119.5,5770.6,5887,5852.3,5756.6,5586.6,5617.2,5505.7,5124.1,5786.4,5266.8,5355,5236.2,6747.1,6803.3,6808.1,6313.5,7090.6,6668.1,6412.1,6282.1,7177.6,7696.6,7017.8,6877.9,7072.5,7370.9,7421.8,7009.3,6510.5,6419.1,6287.4,6373.9,5720.6,5714,6462.4,5322.6,4968.7,5485.3,4856.5,4235.3,4578,4815.4,4609.5,5245.1,3774,3980.1,3592,3439.2,4249.5,3957.9,3717.3,3592.1,4468.3,4094.3,3785.7,3454.6,3682.8,3399.2,3375.4,3156.4,3181,3021.4,2775.8,2826.8,2225,2272.5,2312,2050.8,2190.1,2128.5,2205.2,2323.7,2363.5,2313.9,2128.4,1985.2,1913.8,1928.4,1801.4,1688.1,824.6,802.8,794.5,752.7,765.6,755.8,718.1,638.1,729.5,713.4,712.6,695.6,648,651.7,592.8,536.5,na,na,na,na,na,na,na,na,na,na,na,na,na,na,na,na,na,na,na,na,na,na,na,na,na,na,na,na,na,na,na,na,na,na,na,na
"        Personal, Cultural And Recreational",275.9,274.8,278.2,268.6,260.1,263.8,266.7,246.5,215,248.8,196.3,174.8,163.5,162,166.3,161.8,163.1,164.1,153.4,146.1,142.8,140.8,144,135.9,132.1,130.3,174.7,170.2,170,170.3,163.1,152.5,155.7,154,148.2,146,145.5,144.4,142.2,137.3,137.8,140.6,147.1,143.4,142.2,144.3,144.9,143.5,142.6,130.5,113.9,113.1,109.5,108.8,133.5,132.4,131.3,128.9,45.1,44.9,44.2,43.8,42.2,42,41.4,41.3,47,46.9,45.3,45.2,50.1,50,48.7,49.5,41.7,40.9,38.8,41.3,47.2,46.9,45.9,45.4,26.6,26.3,25.4,26,19.7,19.9,19.4,19.5,13.5,13.1,12.9,13.5,9.4,9.4,9.4,9.6,9,9.2,8.9,9.2,7.3,7.2,6.9,6.9,3.1,3.1,2.9,2.9,na,na,na,na,na,na,na,na,na,na,na,na,na,na,na,na,na,na,na,na,na,na,na,na,na,na,na,na,na,na,na,na,na,na,na,na
        Other Business Services,25634.3,26055.9,26064.6,24639.4,24146.9,24378.4,24232.2,22883.6,21872.9,23941.4,21604.7,20819.5,20858.4,21049.7,20755.8,20159.1,19889.7,20081.5,20694.7,19876.2,19439.3,19259.8,16928.2,15597.3,15665.2,15834.9,15791.3,15124.3,15135.2,15240.1,14222.8,13438.5,13566.5,13737.8,12894.4,12065.9,12117.8,12073,10173.3,9514.4,9641.1,9771.5,8485,7942.8,7870.5,8316.4,7594.5,7475.1,7621.4,7240.7,7454.4,7401.3,7007.5,6764.2,7319.1,7551.1,7417.6,7508.2,6733.5,6709.5,6430.4,6302.2,6329.2,6130.4,5855.6,5728.8,4634.4,4505.5,4349.6,4166.1,4629.8,4476.2,4319.1,4272.5,4083.2,3550.3,3370.2,3390.2,2949.5,2916.8,2904.3,2688.9,2235.3,2239.4,2229.1,2248.8,1895.7,1856.6,1762.4,1724,1428.6,1398.2,1355.9,1366.3,1285.6,1310.9,1292.8,1292.6,1102.8,1084.9,1067.1,1002.9,840.5,819,825.1,813.9,880.9,816.5,741.9,1025.3,1716.3,1759.9,1723.1,1600.2,1431.8,1436.9,1407.3,1376.7,1242.8,1175.2,1159.5,1080.5,1145.5,1156,1133.7,1130.4,1137.1,1157.4,1134.3,1165.6,1011.1,998.4,977.8,990.1,906.4,898.5,886.5,908.5,754.1,781.6,773.4,767.7,666,664.3,620.1,602.7
    Primary Income Balance,-19863.4,-12499.9,-16147.5,-14713.7,-17057.4,-16345,-18856,-16727.1,-14537.2,-13663.2,-15853.3,-17201.5,-17632.6,-13350.1,-17014.6,-14915.3,-16223,-13652.5,-10437,-7505.7,-8792.1,-9082.4,-7806.4,-5265.6,-6810,-7114.2,-7495.9,-4629.7,-8272.7,-8494.5,-3670,-2770.6,-3902,-3535.3,-6289.4,-4757.3,-4201.4,-5481.8,-4489.4,-4286.3,-3885.6,-3737.1,-4653,-2646.2,-1705.7,-3068.6,-1505.1,-1142.5,-1554.5,669.2,-5606.9,-5338.9,-3265,-436.9,-1248.4,-2960.1,-1952.9,-3915.5,-2639.5,-2888.2,-1301.1,-344.6,-2359.7,-1583.9,-848.2,-1613.3,-4093.1,-2947.4,-2374.2,-2621.1,-3448.9,-2832.2,-2493.3,-2986.4,-1985.2,-1504,-451.9,-580.4,-1280.3,-1134.7,-390.6,-491.8,-710,-615.7,763.2,-513.3,-1059.2,-223,304.4,-34.7,490.7,294.6,446.8,424.5,302.6,490.8,752.8,570.2,862.9,588.2,843.2,618.5,-501.3,98.2,-286.6,-285.7,-65.3,-217.4,468.5,714.3,121.5,152.5,-64.5,-63.3,-275.9,-814.1,-800.8,-176.7,-1556.8,62.4,623.5,921.6,120.8,-38,-303.4,-965.9,30.2,-51.3,35.9,-723.5,-75,79.1,-301,-75.9,-217.5,-123.1,-190.8,-196.9,-349.7,-309,-309.3,-224.5,-67.8,12.4,9.9,58.8
      Primary Income Receipts,41497.8,47911.3,43473.4,43800.6,37217.9,43821,36318.3,34751.4,32853.6,39810.5,32542.9,37980.8,38934.2,38716.8,36096.7,38914,37163.3,34913.8,33974.4,35992.4,33151.5,33605.6,27367.8,28834.7,26940.8,25006.8,24941.1,27493.8,23886.4,22223.4,23016.1,23223.5,22435.9,21454.2,20912.7,21683.8,22323.3,19741.9,20375.9,19831.1,20737.3,20078.9,19568.3,21370.7,21779.7,19988.6,21412.1,21380.3,21754.5,22061.7,16700.7,17139.1,17960.6,19532.7,17584.1,16744.1,17693.2,18018.6,21989.3,22852,23315.8,21215.9,17069.9,17052.7,17073.6,15847.4,12658.8,13041.4,12948,11938,9573.8,9609.9,9818.8,8896.4,7518.3,7573.9,8040,7926.3,6202.8,6357.1,7105.4,6597.8,6007.2,5989.9,7565.1,6424.6,6131.4,6842.7,7029.5,6416.9,6850,6604.8,6472.7,6155.9,4384.9,4474.1,4679.5,4385.5,4456.2,4135.3,4225.6,3700.2,3496.7,3982.3,3537.8,3449.6,3866.6,3706,4116.1,4127.3,3400.6,3460.1,3082.3,2912,2918.9,2602.3,2755.7,2542,2921.6,2871,2486.4,2792.8,2357.5,2631.8,2888,2843.6,2444.4,2443.4,2234.9,2318,1640.1,1994,1893,1981.6,1599.9,1658.2,1592,1594.2,1230.3,1232.6,1228,1323,977.8,1019.5,1042.3,1054
      Primary Income Payments,61361.2,60411.2,59620.9,58514.3,54275.3,60166,55174.3,51478.5,47390.8,53473.7,48396.2,55182.3,56566.8,52066.9,53111.3,53829.3,53386.3,48566.3,44411.4,43498.1,41943.6,42688,35174.2,34100.3,33750.8,32121,32437,32123.5,32159.1,30717.9,26686.1,25994.1,26337.9,24989.5,27202.1,26441.1,26524.7,25223.7,24865.3,24117.4,24622.9,23816,24221.3,24016.9,23485.4,23057.2,22917.2,22522.8,23309,21392.5,22307.6,22478,21225.6,19969.6,18832.5,19704.2,19646.1,21934.1,24628.8,25740.2,24616.9,21560.5,19429.6,18636.6,17921.8,17460.7,16751.9,15988.8,15322.2,14559.1,13022.7,12442.1,12312.1,11882.8,9503.5,9077.9,8491.9,8506.7,7483.1,7491.8,7496,7089.6,6717.2,6605.6,6801.9,6937.9,7190.6,7065.7,6725.1,6451.6,6359.3,6310.2,6025.9,5731.4,4082.3,3983.3,3926.7,3815.3,3593.3,3547.1,3382.4,3081.7,3998,3884.1,3824.4,3735.3,3931.9,3923.4,3647.6,3413,3279.1,3307.6,3146.8,2975.3,3194.8,3416.4,3556.5,2718.7,4478.4,2808.6,1862.9,1871.2,2236.7,2669.8,3191.4,3809.5,2414.2,2494.7,2199,3041.5,1715.1,1914.9,2194,2057.5,1817.4,1781.3,1782.8,1791.1,1580,1541.6,1537.3,1547.5,1045.6,1007.1,1032.4,995.2
    Secondary Income Balance,-1851.7,-874.4,-1501.5,-1878,-1872.7,-1118.5,-1942.8,-1631.2,-1922.9,-1550,-2454.5,-2259.7,-2347,-2081.2,-1853.4,-1897.8,-2083.8,-2078.9,-1846.2,-1862,-1903.7,-1721.1,-2702.7,-2620.6,-2778.3,-2630.4,-1945.6,-1906.6,-1888.4,-1803.1,-2121.7,-2039.4,-1979.8,-1881.6,-2032,-2021.3,-1938.6,-1784.1,-2062.2,-2056.4,-1780.7,-1978.4,-1821.2,-1700.7,-1556.2,-1605.6,-1979.5,-1903.6,-1833,-1799.7,-1402.7,-1313.1,-1317.6,-1380.2,-1315.4,-1436,-1275.3,-1175.2,-1196.9,-1093.3,-926.2,-864.4,-729.1,-643,-600.7,-639.7,-527,-548.1,-451.7,-537.4,-500.1,-494.4,-459.7,-528.6,-385.6,-383.3,-430.7,-491.2,-634.9,-629.1,-631.7,-687.8,-543,-604.5,-572.6,-523.7,-218.7,-254.9,-217.5,-392.9,-349.1,-302.6,-355.3,-359,-482,-426.8,-397.8,-385.6,-450.1,-465.5,-385.2,-362.5,-374.8,-374.4,-331.2,-317.2,-333.3,-330.1,-296.1,-296.4,-303.6,-298.6,-275.2,-264.1,-263.7,-249.6,-233.1,-229.3,-181.3,-223,-210.8,-209.1,-205.1,-194.1,-187.2,-178.6,-182.2,-175.7,-167.4,-156.8,-159.8,-149.5,-137.1,-127.8,-126.9,-118.3,-114.6,-102.6,-95.9,-95.5,-92.6,-92.5,-91.4,-91,-89.6,-86.1
      Secondary Income Receipts,7017.5,7608.2,7116.8,7050.3,6707.6,7272.5,7209.3,6975.5,6635.7,7224.7,6200.8,6570.5,6196.4,6347.4,6227.2,6487.1,5683.1,5684.7,3741.5,3744.9,3442.5,3310.7,3510.1,3937.3,3452.1,3851.7,3411.7,3363.9,3299.7,3473.8,2840.8,3110.5,3143.4,3336.4,2871.9,3024.2,3068.6,3584,2281,2582.2,2818.5,2951.1,2049.8,2392.4,2345.2,2480.6,1635.1,1785.5,1952.4,1801.5,1741.5,1623.2,1524.8,1425.8,1246.9,1326.2,1562.2,1587.2,1349,1276.2,1286.1,1384.5,1176.5,1112.3,1317.2,1141.7,1312.2,1021.6,1494.4,1399.6,1239.5,1190.1,1415.9,1271.2,1217.4,1401.9,1088.4,1006.6,1309.7,900,915,813.3,1031.4,804.6,1046.2,599,888.9,919.2,876.8,307.5,604.8,649.6,589.9,465.1,409.4,529.2,520.4,557.9,436.4,509.1,444.9,385.6,402.7,294.2,436.6,330.1,307.7,326.3,303.4,248.8,na,na,na,na,na,na,na,na,na,na,na,na,na,na,na,na,na,na,na,na,na,na,na,na,na,na,na,na,na,na,na,na,na,na,na,na
      Secondary Income Payments,8869.2,8482.6,8618.3,8928.3,8580.3,8391,9152.1,8606.7,8558.6,8774.7,8655.3,8830.2,8543.4,8428.6,8080.6,8384.9,7766.9,7763.6,5587.7,5606.9,5346.2,5031.8,6212.8,6557.9,6230.4,6482.1,5357.3,5270.5,5188.1,5276.9,4962.5,5149.9,5123.2,5218,4903.9,5045.5,5007.2,5368.1,4343.2,4638.6,4599.2,4929.5,3871,4093.1,3901.4,4086.2,3614.6,3689.1,3785.4,3601.2,3144.2,2936.3,2842.4,2806,2562.3,2762.2,2837.5,2762.4,2545.9,2369.5,2212.3,2248.9,1905.6,1755.3,1917.9,1781.4,1839.2,1569.7,1946.1,1937,1739.6,1684.5,1875.6,1799.8,1603,1785.2,1519.1,1497.8,1944.6,1529.1,1546.7,1501.1,1574.4,1409.1,1618.8,1122.7,1107.6,1174.1,1094.3,700.4,953.9,952.2,945.2,824.1,891.4,956,918.2,943.5,886.5,974.6,830.1,748.1,777.5,668.6,767.8,647.3,641,656.4,599.5,545.2,na,na,na,na,na,na,na,na,na,na,na,na,na,na,na,na,na,na,na,na,na,na,na,na,na,na,na,na,na,na,na,na,na,na,na,na
  B Capital & Financial Account Balance,101647.3,76023.7,20945.1,-2212.6,6058,-13719.8,-18774.8,9158,-21801.6,9670.8,15172.4,15229.3,48528.9,6337.6,24056.8,16397.4,11274.8,8304.9,14095.8,11974.3,14825.4,3980.2,21047.2,20432.2,14223.3,23676.6,19266.6,19863.9,12554.3,20369.9,20252.9,18466.2,9877.5,11322.8,9433.3,15350.1,13019.5,2381.6,1393.7,8367.5,11322,9322.7,18032.5,11390.6,13716.3,13529,5207.1,17109.9,4960.4,-3708.1,-430,4284.5,12054.1,17358.6,1414.4,12395,5869,-1010.1,228.2,14344.9,9120.2,19133,5467.5,9317.3,7658.6,4342.2,9412.5,11902.8,1030.5,3620.3,2054.3,8311.8,8551.8,-5143.1,6751.9,4541.3,6779.7,6820.6,7253.2,6427.8,3116.9,3009.6,1001.9,8337.2,12481,1623,-195.2,3731.4,734.8,5720.3,4019.2,7072.5,4016.3,7951,5252.3,6542.2,7038.4,6497.8,3635,3378.2,4009.8,494,3262.6,5330.3,1136.4,4589.7,4843.2,2755.5,-2461.8,2771.5,7726.2,4100.3,2123.3,206,1097,601.1,864.7,-2819.6,-651.9,-1835.9,-306.5,-144.2,-833.5,429.9,1094.5,-3120.8,-2093.8,-305.2,-3100.2,-510.6,-37.5,-835.3,-1493.5,-701.8,1689.1,1701.8,872,-1147.6,1515.6,833.9,-353.5,479.1,2265,-562.2,1804.9,-1638
    Financial Account (Net),101647.3,76023.7,20945.1,-2212.6,6058,-13719.8,-18774.8,9158,-21801.6,9670.8,15172.4,15229.3,48528.9,6337.6,24056.8,16397.4,11274.8,8304.9,14095.8,11974.3,14825.4,3980.2,21047.2,20432.2,14223.3,23676.6,19266.6,19863.9,12554.3,20369.9,20252.9,18466.2,9877.5,11322.8,9433.3,15350.1,13019.5,2381.6,1393.7,8367.5,11322,9322.7,18032.5,11390.6,13716.3,13529,5207.1,17109.9,4960.4,-3708.1,-430,4284.5,12054.1,17358.6,1414.4,12395,5869,-1010.1,228.2,14344.9,9120.2,19133,5467.5,9317.3,7658.6,4342.2,9412.5,11902.8,1030.5,3620.3,2054.3,8311.8,8551.8,-5143.1,6751.9,4541.3,6779.7,6820.6,7253.2,6427.8,3116.9,3009.6,1001.9,8337.2,12481,1623,-195.2,3731.4,734.8,5720.3,4019.2,7072.5,4016.3,7951,5252.3,6542.2,7038.4,6497.8,3635,3378.2,4009.8,494,3262.6,5330.3,1136.4,4589.7,4843.2,2755.5,-2461.8,2771.5,7726.2,4100.3,2123.3,206,1097,601.1,864.7,-2819.6,-651.9,-1835.9,-306.5,-144.2,-833.5,429.9,1094.5,-3120.8,-2093.8,-305.2,-3100.2,-510.6,-37.5,-835.3,-1493.5,-701.8,1689.1,1701.8,872,-1147.6,1515.6,833.9,-353.5,479.1,2265,-562.2,1804.9,-1638
      Direct Investment,-21386.1,-21245.6,-14622,-18980.4,-22076.9,-22371,-17290.8,-11403.1,-12889.4,-17735.5,-29283.8,-18589.9,-11019.9,-17325.5,-13526,-26981.2,-15343.1,-23747.5,-16927.7,-17641.6,8001.6,-23841.3,-10120.5,-4270.2,-22922.5,-2047.7,-8566.7,-12027.3,-5181.1,-7978.7,-5453,-1570.7,-346.8,-13182.3,-6260.1,-2001,-4192.6,-11459.5,-13807,-10603,-17063.6,-2053.1,-9266.7,-8212.6,-2835.7,-1388.5,-11107.8,-7386,-6176.8,-2484,231.3,6283.1,3912.9,2086.7,-1099,-1451.5,-6134.9,714.2,-2408.9,-285.7,-2309.8,-4725,-9972.7,-3127.2,-9342.7,-7852.4,-2336.6,-2828.3,-3380.7,-2711.6,-4092,-440.7,-6287.6,-8197.6,-7006.2,-6938.7,5450.8,-14721.7,-1819.5,2317.7,588.5,-7034.9,-6332.2,8167.9,2024.9,1868.6,-4342.1,-4389.9,-2112.5,-4097,-3047.2,-396.3,-2177.6,-12248.8,2443,-4267.8,-4057.4,1970.2,-1047.8,-6437.8,2819.7,-202.5,-140.7,-1237.8,-2672.3,1190.6,-2940,-1028.7,-2152.3,-205.3,-1745.3,-1755.4,-1581.8,-986.2,-1427.1,-830.1,-1082.3,-755.6,-313.5,-289.7,-428.4,-413.9,-2035.3,-1818,-1865.9,-1815.1,-1550.2,-1379.6,-2263.2,-1225.1,-669.4,-1344.7,-1004.9,-890.1,-1845.7,-1098.7,-3144.2,-1029.9,-1437.1,-1642.6,-1388.9,-1070.2,-1258.9,-802.3,-1036.8,-608
        Assets,12051.9,15838.3,20291.4,16129.6,13422.2,13831.5,10691.1,10346.7,11575.8,11204,17165.4,22295.6,20472.7,15922.9,6480.8,7426.9,9152.1,6842.1,15720.1,24756.4,27139.1,18977.4,19430.9,12347.3,7819.7,11343.3,13592,13811.5,20159,14611.5,16819.8,17393.3,16387.3,15891.2,13027.4,20717.9,11846,11066.1,8340.7,5205.7,4931.1,7116.4,8710,9481.3,10937.4,10994.6,11428.9,12332.7,12620.8,11895.6,12524.5,13312.6,11917.2,8847.8,3846.3,-89.5,435.4,7076.3,11924.2,17989.4,18216.9,13483.2,9793.6,8451,6921.9,6712.4,6255.7,5165.7,4604.1,4866.9,5784.8,5612.2,6134.9,4675.3,2919.9,1265.9,1009.2,1295.9,1101.6,645.1,1150,2180.1,4877.8,15625.8,8470.7,7226.4,4632.2,2520.8,2200.6,2452.7,3993.3,3770.2,3875,2446.6,2149.8,655.4,800.7,2454.5,3895.9,5119.2,5361.3,4069.3,5154.5,2622.5,1984.7,3498.2,2972.9,2838.9,2543,2246.4,na,na,na,na,na,na,na,na,na,na,na,na,na,na,na,na,na,na,na,na,na,na,na,na,na,na,na,na,na,na,na,na,na,na,na,na
        Liabilities,33438,37083.9,34913.4,35110,35499.1,36202.5,27981.9,21749.8,24465.2,28939.5,46449.2,40885.5,31492.6,33248.4,20006.8,34408.1,24495.2,30589.6,32647.8,42398,19137.5,42818.7,29551.4,16617.5,30742.2,13391,22158.7,25838.8,25340.1,22590.2,22272.8,18964,16734.1,29073.5,19287.5,22718.9,16038.6,22525.6,22147.7,15808.7,21994.7,9169.5,17976.7,17693.9,13773.1,12383.1,22536.7,19718.7,18797.6,14379.6,12293.2,7029.5,8004.3,6761.1,4945.3,1362,6570.3,6362.1,14333.1,18275.1,20526.7,18208.2,19766.3,11578.2,16264.6,14564.8,8592.3,7994,7984.8,7578.5,9876.8,6052.9,12422.5,12872.9,9926.1,8204.6,-4441.6,16017.6,2921.1,-1672.6,561.5,9215,11210,7457.9,6445.8,5357.8,8974.3,6910.7,4313.1,6549.7,7040.5,4166.5,6052.6,14695.4,-293.2,4923.2,4858.1,484.3,4943.7,11557,2541.6,4271.8,5295.2,3860.3,4657,2307.6,5912.9,3867.6,4695.3,2451.7,na,na,na,na,na,na,na,na,na,na,na,na,na,na,na,na,na,na,na,na,na,na,na,na,na,na,na,na,na,na,na,na,na,na,na,na
      Portfolio Investment,24459.4,37944.3,12148.5,23901.3,27778.8,12754.8,28305,28031.4,17865.1,9262.6,17811.8,33478.4,86857.1,10095.2,23820.1,-7477.8,20451.9,34754.1,7644.3,4953.7,16658.4,-1770.8,12706.3,-4170,16187.6,-4706.6,34597.1,16740.2,22926,10496.8,347.8,669.2,36123.4,21820.7,42557.7,14824,94.7,22651.8,29541.6,26415.5,18998.3,23631.1,-5439.3,16395.5,-7985.7,9613.9,10294.9,19734.4,-1013.9,12539.6,2689.6,8343.9,27948.3,510.6,-26653.1,-10294.6,-18.6,20585.9,23490.8,9110.5,25034.2,13875.6,10830.7,3851.5,8168.7,2866.2,-3181.1,-2379.6,105.8,6997.3,-4833.6,3966.3,12436.1,18525.3,6644.5,3321.1,10492.5,14361.9,4099.9,12070.8,5700.2,2881.8,9001.6,7234.1,12786.1,11616.9,5807.9,10152.5,9516.9,10821.9,11082.2,7870.8,4575.8,4673,3242,-1632.1,499.4,-4802.9,5950.6,7284.8,4809.1,11928.3,4769.7,3546.8,4782.6,8417.8,4883,6136,4319,5893.9,2327.6,3303.6,2010.4,4159.7,1974.5,1349.2,1843.7,2856.5,-1006.4,-893.1,-1090.9,-1065.4,414.9,379.7,386.2,386.1,473.3,521.9,346.6,538.6,-44.5,-6.6,66.6,131.9,150.2,160.2,123.3,155.9,-94,-21.7,-82.7,-332.4,440.1,195.6,188.7,370.8
        Assets,34411.8,35940.7,22271.8,23981.6,37156.2,15774.4,32413.7,26020.7,14502.6,10211.8,19173.5,31281.4,93269.2,11969.9,22560.4,-2625.6,16095.3,16532.3,18539.8,13161.6,25359.2,5866,12432.2,11214.1,19225.8,-7013.3,32051,15549.3,20023.7,8563,2844.3,901,37789.9,20848.7,40310.3,16164.2,-2838.6,24101.8,31412.4,28388.6,19035.5,25302,-7044.1,12193.2,-8453.7,8542.1,10686.2,23374.4,2223.1,14765.9,3673.1,9548.9,29198.2,-1207,-31063.4,-16366.6,-7128.1,17458.1,25419.3,16609.2,35382,21941.7,16264.8,8421.1,10837,8848.8,-922.2,1737.2,-112.6,11418.1,-3070.9,5682.1,12278.8,20187.3,8465.6,5412.5,11551.7,14686.1,4438,11787.3,4988.1,4575.8,10746,9022.9,15082.4,12125.4,5232.6,10572.6,9114.8,8650.9,12111.3,8352.7,5887.7,5773.8,4818.5,-1771.3,-517.2,-4112.3,6058,7158.5,4860.1,11697.8,5117.2,3742.2,5262.4,8610.4,5631.4,5668.9,5263.2,5176.4,na,na,na,na,na,na,na,na,na,na,na,na,na,na,na,na,na,na,na,na,na,na,na,na,na,na,na,na,na,na,na,na,na,na,na,na
"          Deposit-Taking Corporations, Except The Central Bank",-976.2,-6167.1,3061.5,2375.7,13348.1,-5746.4,12131.6,-2084,-1509,-15641.7,6367.3,2039.6,29234.7,-4260.7,7499.4,-12526.4,-5449,-4705.3,8139.3,-387.4,13502.4,1358.2,1660.7,10748.6,9252.2,-35971,11701,4368.3,-9394.2,-4285.5,-8608.8,-10322.4,26319.6,13839,17924,-2395.5,-4327.4,10413.4,18949,8010.1,2744.1,8422.5,-14017.4,7945.7,-11671.7,3996.7,1474.6,9921.7,-10081.9,7958.5,3089.1,13885.6,32872.1,-459.6,-36568,-16447.8,-9529.9,11789.9,16115.2,1592.2,19867.7,11879.1,7888.2,2520.3,5591.4,5314.8,-2969.9,795.3,-1983.3,9614.5,-4738.3,4064,9858,16815.7,3169.7,-1655.3,3262.2,8441.8,-1548.8,6095.9,-729,-380.2,4990.9,4599.9,10180.2,7464.8,-13.4,4631.5,3706.7,3468.2,6023.4,4462.7,-120.7,1821.5,-1015.5,-6524.5,-3725.8,-7159.8,-1295.2,1408.6,451.9,7324.2,91.6,-535.4,1464.6,3297.2,1828.4,3929.9,2775.4,3361.1,na,na,na,na,na,na,na,na,na,na,na,na,na,na,na,na,na,na,na,na,na,na,na,na,na,na,na,na,na,na,na,na,na,na,na,na
          Official,35189.7,49850.3,14734.3,16372.6,13255,10673.8,11976.9,11909.4,4833.3,13244.9,9021.2,11750.4,53779.2,7917.9,9943.5,11430.5,10802.9,6698.4,8345,9296.5,8998.3,7304.1,6931.8,7342.5,6816.9,5146.1,6340.3,8910.4,5592.6,4180.6,5710.4,5675.7,4937.9,3784.5,3735.1,4601.2,4469.2,2608,3263.1,3929.7,4036.5,2700.6,2886.9,3686.3,3759.7,2402.9,3094.2,3448.7,3653.8,3714.2,2444.9,2745.6,4197.7,4539.9,6003.1,3994.9,5106.8,4445.9,3369.1,4684.8,4583.5,3332.9,2757.3,3001.9,3452.9,2379.4,2194,2823.8,2884.2,2203,1918.5,2080.2,2212.3,1545.1,1637.9,1728.7,2189.5,1610.9,1692.5,1849.5,2331,1588.2,1812.8,1776.5,2334.2,2051.5,2086.7,2159.4,2645.9,2682.6,4147.4,2259.7,4142.6,2641.4,4677.1,3311.5,2266.2,2232.6,5480,4611.9,2862.1,3536.9,3551.8,3080.7,2824,4369.3,3151.4,2193,2959.6,1048.7,na,na,na,na,na,na,na,na,na,na,na,na,na,na,na,na,na,na,na,na,na,na,na,na,na,na,na,na,na,na,na,na,na,na,na,na
          Others,198.3,-7742.5,4476,5233.3,10553.1,10847,8305.2,16195.3,11178.3,12608.6,3785,17491.4,10255.3,8312.7,5117.5,-1529.7,10741.4,14539.2,2055.5,4252.5,2858.5,-2796.3,3839.7,-6877,3156.7,23811.6,14009.7,2270.6,23825.3,8667.9,5742.7,5547.7,6532.4,3225.2,18651.2,13958.5,-2980.4,11080.4,9200.3,16448.8,12254.9,14178.9,4086.4,561.2,-541.7,2142.5,6117.4,10004,8651.2,3093.2,-1860.9,-7082.3,-7871.6,-5287.3,-498.5,-3913.7,-2705,1222.3,5935,10332.2,10930.8,6729.7,5619.3,2898.9,1792.7,1154.6,-146.3,-1881.9,-1013.5,-399.4,-251.1,-462.1,208.5,1826.5,3658,5339.1,6100,4633.4,4294.3,3841.9,3386.1,3367.8,3942.3,2646.5,2568,2609.1,3159.3,3781.7,2762.2,2500.1,1940.5,1630.3,1865.8,1310.9,1156.9,1441.7,942.4,814.9,1873.2,1138,1546.1,836.7,1473.8,1196.9,973.8,943.9,651.6,-454,-471.8,766.6,na,na,na,na,na,na,na,na,na,na,na,na,na,na,na,na,na,na,na,na,na,na,na,na,na,na,na,na,na,na,na,na,na,na,na,na
        Liabilities,9952.4,-2003.6,10123.3,80.3,9377.4,3019.6,4108.7,-2010.7,-3362.5,949.2,1361.7,-2197,6412.1,1874.7,-1259.7,4852.2,-4356.6,-18221.8,10895.5,8207.9,8700.8,7636.8,-274.1,15384.1,3038.2,-2306.7,-2546.1,-1190.9,-2902.3,-1933.8,2496.5,231.8,1666.5,-972,-2247.4,1340.2,-2933.3,1450,1870.8,1973.1,37.2,1670.9,-1604.8,-4202.3,-468,-1071.8,391.3,3640,3237,2226.3,983.5,1205,1249.9,-1717.6,-4410.3,-6072,-7109.5,-3127.8,1928.5,7498.7,10347.8,8066.1,5434.1,4569.6,2668.3,5982.6,2258.9,4116.8,-218.4,4420.8,1762.7,1715.8,-157.3,1662,1821.1,2091.4,1059.2,324.2,338.1,-283.5,-712.1,1694,1744.4,1788.8,2296.3,508.5,-575.3,420.1,-402.1,-2171,1029.1,481.9,1311.9,1100.8,1576.5,-139.2,-1016.6,690.6,107.4,-126.3,51,-230.5,347.5,195.4,479.8,192.6,748.4,-467.1,944.2,-717.5,na,na,na,na,na,na,na,na,na,na,na,na,na,na,na,na,na,na,na,na,na,na,na,na,na,na,na,na,na,na,na,na,na,na,na,na
"          Deposit-Taking Corporations, Except The Central Bank",7588.4,-8517.7,7429.4,-3455.5,4216.6,-3295.2,178.2,-3756.1,-1333.9,-1117.8,-199.5,-2650.6,3425.4,-321.6,-916.4,767.2,567.4,-216.2,3549.9,889.9,4148.9,2106.3,4325.5,606.6,4256.2,4859.3,-2268.6,-506.9,-2033.3,-653.7,2098.7,174.3,1819.5,7355,312.2,4696.6,632.4,1063.4,608.9,-7873.8,1932.2,518.1,-1274.9,-516,-855.7,-225.5,-347.9,-250.6,-549,264.1,-422,-145.7,-57.6,-969.8,-629.2,-211.3,-1339.8,-757.6,-843.9,-1452.8,577.6,-748.4,-16.4,1354.3,747,1182.2,-253.8,352.7,-1981,2649.9,-100.3,1086,119.1,549.3,-179.5,942.1,-90,-288.4,335.8,-11.3,-171.2,700.7,-34.7,24.6,949.5,-45,-260,216.6,-195.2,-1283.8,332.1,7.6,68.1,258,788.7,-27.2,-583.9,384.2,216,154.7,183.8,-162.5,276.7,158.1,437.2,183.9,349.8,-4.1,602,-284,na,na,na,na,na,na,na,na,na,na,na,na,na,na,na,na,na,na,na,na,na,na,na,na,na,na,na,na,na,na,na,na,na,na,na,na
          Others,2364,6514.1,2693.9,3535.8,5160.8,6314.8,3930.5,1745.4,-2028.6,2067,1561.2,453.6,2986.7,2196.3,-343.3,4085,-4924,-18005.6,7345.6,7318,4551.9,5530.5,-4599.6,14777.5,-1218,-7166,-277.5,-684,-869,-1280.1,397.8,57.5,-153,-8327,-2559.6,-3356.4,-3565.7,386.6,1261.9,9846.9,-1895,1152.8,-329.9,-3686.3,387.7,-846.3,739.2,3890.6,3786,1962.2,1405.5,1350.7,1307.5,-747.8,-3781.1,-5860.7,-5769.7,-2370.2,2772.4,8951.5,9770.2,8814.5,5450.5,3215.3,1921.3,4800.4,2512.7,3764.1,1762.6,1770.9,1863,629.8,-276.4,1112.7,2000.6,1149.3,1149.2,612.6,2.3,-272.2,-540.9,993.3,1779.1,1764.2,1346.8,553.5,-315.3,203.5,-206.9,-887.2,697,474.3,1243.8,842.8,787.8,-112,-432.7,306.4,-108.6,-281,-132.8,-68,70.8,37.3,42.6,8.7,398.6,-463,342.2,-433.5,na,na,na,na,na,na,na,na,na,na,na,na,na,na,na,na,na,na,na,na,na,na,na,na,na,na,na,na,na,na,na,na,na,na,na,na
      Financial Derivatives,206.8,-8013.3,4332.4,1030.1,-1046.5,-206.1,-2114.8,-588.6,1879.6,-1199.7,1577.4,1329.3,2136.9,3989.3,8040.5,8061.1,6867.4,5407.5,13178.5,737.7,-3963.4,1404.2,3654.9,6179,6852.2,-135.7,4141.5,-11821.1,-6385.5,6482.4,-2693.4,-353.7,-162.8,-406.4,-2639.4,-6247.1,-2642.6,-4880.2,-3184.4,-6155.9,-3818.9,-8594.1,3823.2,6821.1,6539.5,4296.9,-1315.7,-2469.3,-1905.3,697.4,3880.9,6630.5,6234.4,3845.8,792.9,-1701.2,-2348.2,-2304.1,226.6,-488.1,-63.6,1290.5,1865.1,2780.1,2918.7,1639.7,na,na,na,na,na,na,na,na,na,na,na,na,na,na,na,na,na,na,na,na,na,na,na,na,na,na,na,na,na,na,na,na,na,na,na,na,na,na,na,na,na,na,na,na,na,na,na,na,na,na,na,na,na,na,na,na,na,na,na,na,na,na,na,na,na,na,na,na,na,na,na,na,na,na,na,na,na,na,na,na
        Assets,6885.1,2998.4,-1130.9,1255.8,4597.7,5026.7,5635.2,4925.2,3501.2,8074.3,5052.3,5063.4,3556.1,1259.2,2490.2,2763.9,1822.7,242.4,6580.7,-4096.1,-1282.9,-2665.2,1744,959.1,3764.8,2186.9,1970.4,-8542,-7734.6,3078.5,-215.5,1995.6,2612.6,763.7,-1636.9,-5331.8,-2282.3,-3953,-11265.4,-12720.5,-15305,-11040.5,8372.9,13796.7,12759.3,9211.7,3639.1,1052.4,469.6,988.1,-7990.6,-8372.3,-8569.1,-2998.4,7810.6,12263,11900.6,7223.7,4354.3,720.4,15.9,2328.5,3295.7,4320.3,4622.3,3269.2,na,na,na,na,na,na,na,na,na,na,na,na,na,na,na,na,na,na,na,na,na,na,na,na,na,na,na,na,na,na,na,na,na,na,na,na,na,na,na,na,na,na,na,na,na,na,na,na,na,na,na,na,na,na,na,na,na,na,na,na,na,na,na,na,na,na,na,na,na,na,na,na,na,na,na,na,na,na,na,na
        Liabilities,6678.3,11011.7,-5463.3,225.7,5644.2,5232.8,7750,5513.8,1621.6,9274,3474.9,3734.1,1419.2,-2730.1,-5550.3,-5297.2,-5044.7,-5165.1,-6597.8,-4833.8,2680.5,-4069.4,-1910.9,-5219.9,-3087.4,2322.6,-2171.1,3279.1,-1349.1,-3403.9,2477.9,2349.3,2775.4,1170.1,1002.5,915.3,360.3,927.2,-8081,-6564.6,-11486.1,-2446.4,4549.7,6975.6,6219.8,4914.8,4954.8,3521.7,2374.9,290.7,-11871.5,-15002.8,-14803.5,-6844.2,7017.7,13964.2,14248.8,9527.8,4127.7,1208.5,79.5,1038,1430.6,1540.2,1703.6,1629.5,na,na,na,na,na,na,na,na,na,na,na,na,na,na,na,na,na,na,na,na,na,na,na,na,na,na,na,na,na,na,na,na,na,na,na,na,na,na,na,na,na,na,na,na,na,na,na,na,na,na,na,na,na,na,na,na,na,na,na,na,na,na,na,na,na,na,na,na,na,na,na,na,na,na,na,na,na,na,na,na
      Other Investment,98367.2,67338.3,19086.2,-8163.6,1402.6,-3897.5,-27674.2,-6881.7,-28656.9,19343.4,25067,-988.5,-29445.2,9578.6,5722.2,42795.3,-701.4,-8109.2,10200.7,23924.5,-5871.2,28188.1,14806.5,22693.4,14106,30566.6,-10905.3,26972.1,1194.9,11369.4,28051.5,19721.4,-25736.3,3090.8,-24224.9,8774.2,19760,-3930.5,-11156.5,-1289.1,13206.2,-3661.2,28915.3,-3613.4,17998.2,1006.7,7335.7,7230.8,14056.4,-14461.1,-7231.8,-16973,-26041.5,10915.5,28373.6,25842.3,14370.7,-20006.1,-21080.3,6008.2,-13540.6,8691.9,2744.4,5812.9,5913.9,7688.7,14930.2,17110.7,4305.4,-665.4,10979.9,4786.2,2403.3,-15470.8,7113.6,8158.9,-9163.6,7180.4,4972.8,-7960.7,-3171.8,7162.7,-1667.5,-7064.8,-2330,-11862.5,-1661,-2031.2,-6669.6,-1004.6,-4015.8,-402,1618.1,15526.8,-432.7,12442.1,10596.4,9330.5,-1267.8,2531.2,-3619,-11231.8,-1366.4,3021.3,-973.9,-5018.7,2900.2,-2351.8,-4628.5,-2917.1,7143.9,2552.1,1694.7,-2967.5,549.6,82,103.3,-4920.5,668,-653.1,1212.8,1335.1,786.9,1868.2,2574.2,-1691.8,-1016.9,552.5,-1183.6,175.9,676.4,516,-555.2,56.4,3384.6,2640.3,3892.9,-273.6,3046.7,2498.2,1118.1,1881.7,3083.8,44.5,2653,-1400.8
        Assets,121795.5,114585.9,82180.9,45006,6901.1,22296.9,-9584.3,-38707.9,-147697.5,281962.8,13270.4,30894.3,17386.2,12570.2,38686.4,-33921.5,70880.9,67791.1,31856.6,50317.9,-1406.5,22151.6,59633.1,31522.9,22017.1,7790.7,-73434.8,101514.6,-44178.6,52614.9,59226.6,33836.4,3144.2,-3018.1,35311.2,23529.2,46591.5,17040.7,14099,-3238.3,35241.6,-24378,-23177.4,64770.8,28866.8,28417.3,11838.8,30092.1,32705.5,17857.4,-2244.9,-36150.2,-47463,-14143.7,-44495.1,77323.1,-40736.2,52286.9,62442.2,68946,47364.2,52207.5,11207.2,10418.3,49625.4,-19883.5,47923.7,46223.8,27601.9,-13631.8,33915.9,5747.5,6344.6,34829.7,19821.3,-5101.7,6002.3,6373.4,23489.8,7518.2,-45702,14361.4,25420.5,-16772.9,-23918.4,6737.1,39940.6,6869.4,-3722.1,5657.1,-3223.8,1167.6,-16758.2,-3294.1,34538.9,3108,5320.3,-81871.6,58424.2,45407.6,31663.9,23579.2,11420.7,18518.1,11162.1,-9318.6,8444.7,-7650,37689.1,12375.2,-8914.7,-6450.1,4727.2,2421.3,21413.7,16550,-7754.2,-4042.7,2476.2,21086.1,-10652.2,-12161.1,264,-22671.7,-39416.3,-16385.3,27062.9,18745.7,-27914.6,13671.1,13147.1,71867.2,-8412.3,15683.5,7124,34808.3,5471.5,12370.8,12853.6,22256.4,13038,17466.5,33168.6,31418.5,18813.5,18160.1
"          Deposit-Taking Corporations, Except The Central Bank",11848.5,41332.9,54678.2,35400.7,-18823.1,-10892.8,-24258.9,-29294.6,-111661,285437.7,-27711,19832,20366.9,18200.3,21140.7,-54140.6,64534.5,49954.2,13185.6,28664.8,-21129.5,-1538,29044.6,-795.9,10582.8,-4929.7,-68404.8,90296.6,-39735.4,39943.8,41990,24832.4,-5420.8,-11009.1,26863,17572,29242.5,7103.3,-1079.5,-11726.8,24292,-27919,-17111,59653.8,21305.5,9630,-12772.9,5507.9,8410.4,11046.5,-28568.5,-53681.2,-52815.2,-13087.1,-28571.9,72112.3,-39210.5,45121.9,41715.9,46926.5,11399.6,41581.2,-6048.2,9655.8,41344.9,-26611.7,40743.2,38775.3,11457.6,-18069.9,25761.8,-650.5,-2165.4,25257.9,15743.7,-21801.6,-6395.2,-2393.2,19262.1,4754.2,-55015,4996.2,38493.4,-25960,-24727.8,11404.7,39707.8,-4604.9,-16435.9,3309.3,-6762.2,852.7,-23542.2,-6418.7,31680.7,-6016.4,2040.6,-78211.8,59986.5,33268.7,26897.7,25229.7,8501.1,14507.4,8615.3,-8841.1,6091.4,-8169.4,33509.3,12449.8,-10913.6,-10027.9,2083.8,644.7,17507.6,13738.2,-9823.7,-5532.8,2300.1,20836.2,-11020.7,-13371.6,172.4,-22851.6,-39730.1,-17085,27325.7,18116.9,-28078.1,13308.2,13350.8,70722.3,-7815.9,14520.3,6738.1,34205.1,5734,12960.6,12544.7,22320.3,12828,16423.8,33137.3,30899.2,18499.9,17821.5
          Official,106272.6,68241.8,11956,2402.8,21204.2,10030.8,11.7,65.3,-23327.2,19907.3,25727.1,12118.8,14174,11721.2,19902.3,8683.9,15857.3,15859.5,17546.9,20337.2,13187,17470.6,18421,27756.8,11307.6,2198.6,2365.5,4940,3309.8,4064,9446.4,8055.8,3008,1519.2,4187.6,11405,13807.1,7630.6,8700.9,5408.5,3610.2,1570.9,3607.6,7305.3,4303,18656.7,5402.5,10702.9,2004.7,1412,12702.7,7802.3,2.4,1914.6,13.4,46.6,1334.4,9186.6,12015.7,7682.6,21366.9,6042.1,9165.3,1255.1,6184.8,334.1,37.2,3527.9,6233.1,230.6,6108.2,7.8,10.2,9269.3,4907.2,5212.1,2510.7,1470,9.2,9.3,31.1,391.9,49,74.5,114.6,789.8,975.9,1574.8,1554.7,-39.8,-16.7,-10.1,1797.1,-235.9,986.5,853.3,523.3,174.3,401.7,829.2,823.7,843.5,1299.3,1654.8,1155.3,55.2,14.5,1073.1,3836.3,34.5,1015.4,3110.7,1722.4,538.5,2891.6,2090,1134,412.4,0,0,0,0,0,0,0,0,0,0,0,0,0,0,0,0,0,0,0,0,0,0,0,0,0,0,0,0
          Others,3674.4,5011.2,15546.7,7202.5,4520,23158.9,14662.9,-9478.6,-12709.3,-23382.2,15254.3,-1056.5,-17154.7,-17351.3,-2356.6,11535.2,-9510.9,1977.4,1124.1,1315.9,6536,6219,12167.5,4562,126.7,10521.8,-7395.5,6278,-7753,8607.1,7790.2,948.2,5557,6471.8,4260.6,-5447.8,3541.9,2306.8,6477.6,3080,7339.4,1970.1,-9674,-2188.3,3258.3,130.6,19209.2,13881.3,22290.4,5398.9,13620.9,9728.7,5349.8,-2971.2,-15936.6,5164.2,-2860.1,-2021.6,8710.6,14336.9,14597.7,4584.2,8090.1,-492.6,2095.7,6394.1,7143.3,3920.6,9911.2,4207.5,2045.9,6390.2,8499.8,302.5,-829.6,11487.8,9886.8,7296.6,4218.5,2754.7,9281.9,8973.3,-13121.9,9112.6,694.8,-5457.4,-743.1,9899.5,11159.1,2387.6,3555.1,325,4986.9,3360.5,1871.7,8271.1,2756.4,-3834.1,-1964,11309.7,3942.5,-2494,1620.3,2355.9,1391.5,-532.7,2338.8,-553.7,343.5,-109.1,983.5,467.1,921,1238.1,1014.5,721.8,935.5,1077.7,176.1,249.9,368.5,1210.5,91.6,179.9,313.8,699.7,-262.8,628.8,163.5,362.9,-203.7,1144.9,-596.4,1163.2,385.9,603.2,-262.5,-589.8,308.9,-63.9,210,1042.7,31.3,519.3,313.6,338.6
        Liabilities,23428.3,47247.6,63094.7,53169.6,5498.5,26194.4,18089.9,-31826.2,-119040.6,262619.4,-11796.6,31882.8,46831.4,2991.6,32964.2,-76716.8,71582.3,75900.3,21655.9,26393.4,4464.7,-6036.5,44826.6,8829.5,7911.1,-22775.9,-62529.5,74542.5,-45373.5,41245.5,31175.1,14115,28880.5,-6108.9,59536.1,14755,26831.5,20971.2,25255.5,-1949.2,22035.4,-20716.8,-52092.7,68384.2,10868.6,27410.6,4503.1,22861.3,18649.1,32318.5,4986.9,-19177.2,-21421.5,-25059.2,-72868.7,51480.8,-55106.9,72293,83522.5,62937.8,60904.8,43515.6,8462.8,4605.4,43711.5,-27572.2,32993.5,29113.1,23296.5,-12966.4,22936,961.3,3941.3,50300.5,12707.7,-13260.6,15165.9,-807,18517,15478.9,-42530.2,7198.7,27088,-9708.1,-21588.4,18599.6,41601.6,8900.6,2947.5,6661.7,792,1569.6,-18376.3,-18820.9,34971.6,-9334.1,-5276.1,-91202.1,59692,42876.4,35282.9,34811,12787.1,15496.8,12136,-4299.9,5544.5,-5298.2,42317.6,15292.3,-16058.6,-9002.2,3032.5,5388.8,20864.1,16468,-7857.5,877.8,1808.2,21739.2,-11865,-13496.2,-522.9,-24539.9,-41990.5,-14693.5,28079.8,18193.2,-26731,13495.2,12470.7,71351.2,-7857.1,15627.1,3739.4,32168,1578.6,12644.4,9806.9,19758.2,11919.9,15584.8,30084.8,31374,16160.5,19560.9
"          Deposit-Taking Corporations, Except The Central Bank",4692.6,22424.8,48444.2,28537.4,-5029.2,4786.4,10010.3,-41867.8,-114932.2,221401.8,-20467.7,27791,20557.3,192.5,22090.1,-51866.1,47603.7,49315.4,33603,31574.3,-24565.8,-9238.6,37609.3,-8176.1,-3995.9,-14557.9,-64510.8,73658.5,-48348.4,37860.5,31115.8,4680.5,14751.9,1693.5,57339.2,5813.1,22772.4,22817.4,15439.5,-5220.3,25629.9,-28650.8,-36855.3,81292.2,3201.1,11848.2,-8979.8,6194.7,12939.9,24588.1,-10243.8,-29252.5,-23357.5,-24760.4,-72834.2,55184.9,-52921.2,68045,72343.9,57787,49939.9,33534.8,4669.6,8571.7,49143.4,-37611.9,31823.7,29647.5,20889,-22228.3,20781.6,-697.1,1486.2,46155,7031.2,-8652.5,4788,-4704.7,13244.1,5965.8,-41430,1530.5,27492,-3278.7,-24159.9,16764.1,37580.3,4652.5,-5719.8,3403,762.1,5456.6,-25949.6,-24047.5,32489.1,-10346.1,-8053,-92995.4,60216.5,39766,32613.9,31358.5,13546.6,16841.3,9446.9,-4819.4,4664.3,-2907.5,39204.8,15066.2,-15485.2,-8584.1,3703.7,5983.3,19247.9,15404.3,-9320.8,-198.3,2910.5,22753.2,-11343.5,-12833.3,-85.2,-24291.7,-41911.8,-14586,27631.4,17859.2,-27228,12970.6,11759.8,70846.5,-7518.4,15249.9,3889.4,32134.7,2158.2,14357.4,10061,20452.8,12515.5,15812.6,29304.4,31099.5,16024.5,19239
          Others,18735.7,24822.8,14650.5,24632.2,10527.7,21408,8079.6,10041.6,-4108.4,41217.6,8671.1,4091.8,26274.1,2799.1,10874.1,-24850.7,23978.6,26584.9,-11947.1,-5180.9,29030.5,3202.1,7217.3,17005.6,11907,-8218,1981.3,884,2974.9,3385,59.3,9434.5,14128.6,-7802.4,2196.9,8941.9,4059.1,-1846.2,9816,3271.1,-3594.5,7934,-15237.4,-12908,7667.5,15562.4,13482.9,16666.6,5709.2,7730.4,15230.7,10075.3,1936,-298.8,-34.5,-3704.1,-2185.7,4248,11178.6,5150.8,10964.9,9980.8,3793.2,-3966.3,-5431.9,10039.7,1169.8,-534.4,2407.5,9261.9,2154.4,1658.4,2455.1,4145.5,5676.5,-4608.1,10377.9,3897.7,5272.9,9513.1,-1100.2,5668.2,-404,-6429.4,2571.5,1835.5,4021.3,4248.1,8667.3,3258.7,29.9,-3887,7573.3,5226.6,2482.5,1012,2776.9,1793.3,-524.5,3110.4,2669,3452.5,-759.5,-1344.5,2689.1,519.5,880.2,-2390.7,3112.8,226.1,-573.4,-418.1,-671.2,-594.5,1616.2,1063.7,1463.3,1076.1,-1102.3,-1014,-521.5,-662.9,-437.7,-248.2,-78.7,-107.5,448.4,334,497,524.6,710.9,504.7,-338.7,377.2,-150,33.3,-579.6,-1713,-254.1,-694.6,-595.6,-227.8,780.4,274.5,136,321.9
  C Net Errors & Omissions,10.6,1211,165.5,1136.2,1181.2,863.6,447.8,762.3,788.4,-646.6,429,-412.6,-834.2,606.9,152,-847.9,907.4,-305.2,745.8,-90.7,-904.4,963.4,-268.8,1169,-932.5,-773.1,-1423.9,-1428.3,-1393.4,-1353.5,-50,-804.6,-1221.2,-999,1063.6,744.2,776.3,-121,-332.5,-714.4,-303.4,-701.1,1141.8,-571.4,-330.7,-152.1,229.7,2334.8,1713.5,1784.3,198.9,950.2,1141.9,1139.3,-914.8,-659.8,-1203.3,-1342.5,-357.8,-805,-186.6,-545.9,-2716.4,-1972.3,-2520.4,-2520.7,-413.9,-1595,-443.8,-664.9,413.7,-1969.2,400.9,-2148.9,-264.2,-1811.9,542.8,-3140.9,-581.5,519.1,-1387.9,-1107,-1551.7,1242.4,1607.1,-2678.5,708.6,2018.6,1617.6,-848,-269.8,1023.7,1841.4,2623.8,-1168.7,-2064.5,340.1,1939,-720.6,614.8,-1476.6,1808.3,1961.7,877.9,-468.1,2493.5,2974.2,-431.7,-1559.1,-1433.5,2933.8,1145.1,-920.2,1093.7,2770.9,1375.5,2968.9,-1854.8,1577.6,-2937.2,782.5,-1937.9,-2524.3,332,1266.3,-2660.7,-2686.9,1089.4,-1827.6,1612.1,-1287.1,-1216.5,-639.2,-399.5,1970.3,840.8,448.7,-718.9,2370.1,1395.7,-85.2,1340,2590.6,-706.7,1520.2,-1058.7
E Reserve Assets,-74171.8,-46101.5,4940.8,30068.1,21668.7,32229.6,36791.3,14253.2,45276.2,6995.8,3530.8,4141.1,-32021.5,12906.8,-3909.6,6221.7,7779.7,6832.7,5583.5,11200.7,4443.2,16613.8,-3926.7,5434.4,4757.3,-8720.3,-354.3,479.4,2686.5,-1310.9,110.5,3405.2,4654.5,447.6,7677.7,949.6,5385.6,8718,13542.4,7849.3,4842.5,6371.7,-300.5,10087.4,5465.5,6235.3,16476.9,6271.9,13686.6,21045.1,11981.8,7020.8,1031.1,-3577.5,4416.7,-2141.2,4290.6,11965,12614.9,6031.4,9136,1515.3,9486.6,4005.8,5115.5,8387.8,4347.4,1290.4,9980.8,4778.1,8690.7,818.9,304.3,10655,2927.5,5076.3,2913.9,856.8,-436.5,932.7,221.6,1568.4,3957.7,-2230.4,-4384.8,1054.2,3760.9,4393.9,5859.5,-2170.8,2942.7,-6,4799.4,-414.9,2565.5,865.7,1209.5,339.9,1188,2903.1,1679,6085.6,3075.9,2719.8,2823.4,1787.5,2211.1,2258.4,5719.5,1984.9,1174.1,3217.5,1159.4,1750.7,3744.2,3262.1,2888.9,2258.5,2145.1,2354.2,3685.5,1774.2,1991.1,2497.7,2276.7,497.3,1683.9,3694.8,2401,2112.8,1221.6,1727.4,1500.4,884.8,1707.5,92.5,486,1057.6,925.2,671.8,529.8,201.7,460.1,206.6,508,33.9
  Special Drawing Rights,18.8,-75.6,-113.7,7145.8,7.4,-2.7,-10.8,2.7,-17.9,66.7,-11.9,6.4,5.6,-8.2,1.1,-6.3,13.8,2.4,-9.7,5.2,14,-32.6,26.4,21.3,-13.5,-305.4,-32.9,95.1,1.4,-23.8,25.6,-31.4,-14.1,0.1,17,15.5,43.5,-19.4,-0.1,-37,-12.3,-42.4,-28.2,76.3,-27.4,-257.8,-63,0.2,-55.8,-116.8,0.6,1669.9,-12.7,3.4,38.4,5.2,-7.8,4.3,-5.4,8.9,12.1,0.8,0.7,7.3,8.3,-6,-5.2,7.4,-1.6,1.8,13.3,6.4,2.2,100.8,14.3,6.1,13.9,12,9.7,9.5,8.1,0.4,16.2,2.9,13,9,8.6,9.8,6.3,8,8.8,6.7,5.2,37,1.6,20.2,5.4,5.7,14.6,4.9,6.8,0.9,4.4,4.9,4.1,2.9,4.3,3.2,6.6,4,3.4,4.7,-85.8,3.6,2.3,3.4,5.1,3.2,-93.7,9.2,8.8,-1.7,5.1,-20.6,-3.6,7.8,8.6,-16.1,7,4,9.1,-14.9,-9.6,6.2,5,-1.5,-0.5,5.2,15.6,-2.6,6.4,9.7,7.4,5.4,13.5,5.1
  Reserves Position In The IMF,39.7,-16.8,18.7,-4.7,-28.2,-79.7,221,-4.2,279.2,40.2,-17.9,82.2,143.9,-22.8,180.7,-13,200.9,-4.8,-196.8,-34.2,7.5,-135,22,21.2,-21,566.9,-25.5,58.9,-7.7,-257.3,-138.1,-46.4,-14,-14.1,35.5,56,64.7,24.8,-6.9,-10.1,54.5,-2.4,27.5,142.1,-46.4,361.4,76.7,-3.1,-9.4,-18.7,0.3,61.3,61.6,-3.5,116.5,-6.1,20.3,-3.6,-6.8,-2.6,-47.9,-14.3,-39.2,3.2,7.9,-62.9,-216.3,-48.5,-104.3,-52.1,-8.7,15.3,-63.7,-186.7,44.5,-85.3,117.2,54.8,4.9,62.8,76.9,-11.6,84.1,12,47.7,13.2,-9.6,-50.1,-100.2,0.1,-65,11.2,-14.4,160.4,22,50,-10.1,0,163.1,-10.4,-2.4,-26.7,0.1,1.3,-8.3,-0.5,0.1,-6.3,46.4,11.6,-7.6,0,29.7,1.6,15.4,5.8,79,-8.6,131.5,-2.3,2,-13.8,-5.9,-7.7,-16.1,-0.2,-16.4,-7.9,-0.1,-4.8,4.6,-6.8,-2.3,0,-1,-6.3,-4.9,0,10.4,-7.6,3.7,5.2,3.2,0.4,15.3,5.9
  Foreign Exchange Assets,-74230.3,-46009.1,5035.8,22927,21689.5,32312,36581.1,14254.7,45014.9,6888.9,3560.6,4052.5,-32171,12937.8,-4091.4,6241,7565,6835.1,5790,11229.7,4421.7,16781.4,-3975.1,5391.9,4791.8,-8981.8,-295.9,325.4,2692.8,-1029.8,223,3483,4682.6,461.6,7625.2,878.1,5277.4,8712.6,13549.4,7896.4,4800.3,6416.5,-299.8,9869,5539.3,6131.7,16463.2,6274.8,13751.8,21180.6,11980.9,5289.6,982.2,-3577.4,4261.8,-2140.3,4278.1,11964.3,12627.1,6025.1,9171.8,1528.8,9525.1,3995.3,5099.3,8456.7,4568.9,1331.5,10086.7,4828.4,8686.1,797.2,365.8,10740.9,2868.7,5155.5,2782.8,790,-451.1,860.4,136.6,1579.6,3857.4,-2245.3,-4445.5,1032,3761.9,4434.2,5953.4,-2178.9,2998.9,-23.9,4808.6,-612.3,2541.9,795.5,1214.2,334.2,1010.3,2908.6,1674.6,6111.4,3071.4,2713.6,2827.6,1785.1,2206.7,2261.5,5666.5,1969.3,1178.3,3212.8,1215.5,1745.5,3726.5,3252.9,2804.8,2263.9,2107.3,2347.3,3674.7,1789.7,1991.9,2526,2296.4,489.7,1691.7,3718.8,2394.1,2113.6,1207.9,1749.1,1512.3,878.6,1703.5,100.3,491.4,1052.4,899.2,682,519.7,186.8,449.5,200.8,479.2,22.9
,,,,,,,,,,,,,,,,,,,,,,,,,,,,,,,,,,,,,,,,,,,,,,,,,,,,,,,,,,,,,,,,,,,,,,,,,,,,,,,,,,,,,,,,,,,,,,,,,,,,,,,,,,,,,,,,,,,,,,,,,,,,,,,,,,,,,,,,,,,,,,,,,,
Footnotes:,,,,,,,,,,,,,,,,,,,,,,,,,,,,,,,,,,,,,,,,,,,,,,,,,,,,,,,,,,,,,,,,,,,,,,,,,,,,,,,,,,,,,,,,,,,,,,,,,,,,,,,,,,,,,,,,,,,,,,,,,,,,,,,,,,,,,,,,,,,,,,,,,,
"For more information on balance of payments methodologies, please visit Singstat website (www.singstat.gov.sg/find-data/search-by-theme/economy/balance-of-payments/publications-and-methodology) to view and download related publications.",,,,,,,,,,,,,,,,,,,,,,,,,,,,,,,,,,,,,,,,,,,,,,,,,,,,,,,,,,,,,,,,,,,,,,,,,,,,,,,,,,,,,,,,,,,,,,,,,,,,,,,,,,,,,,,,,,,,,,,,,,,,,,,,,,,,,,,,,,,,,,,,,,
D Overall Balance (A-B+C) -> B Capital & Financial Account Balance (Million Dollars):,,,,,,,,,,,,,,,,,,,,,,,,,,,,,,,,,,,,,,,,,,,,,,,,,,,,,,,,,,,,,,,,,,,,,,,,,,,,,,,,,,,,,,,,,,,,,,,,,,,,,,,,,,,,,,,,,,,,,,,,,,,,,,,,,,,,,,,,,,,,,,,,,,
"The capital account is consolidated under the financial account.  Decrease in assets and liabilities, and net inflows in net balances, are indicated by a minus (-) sign.",,,,,,,,,,,,,,,,,,,,,,,,,,,,,,,,,,,,,,,,,,,,,,,,,,,,,,,,,,,,,,,,,,,,,,,,,,,,,,,,,,,,,,,,,,,,,,,,,,,,,,,,,,,,,,,,,,,,,,,,,,,,,,,,,,,,,,,,,,,,,,,,,,
,,,,,,,,,,,,,,,,,,,,,,,,,,,,,,,,,,,,,,,,,,,,,,,,,,,,,,,,,,,,,,,,,,,,,,,,,,,,,,,,,,,,,,,,,,,,,,,,,,,,,,,,,,,,,,,,,,,,,,,,,,,,,,,,,,,,,,,,,,,,,,,,,,
Definitions,,,,,,,,,,,,,,,,,,,,,,,,,,,,,,,,,,,,,,,,,,,,,,,,,,,,,,,,,,,,,,,,,,,,,,,,,,,,,,,,,,,,,,,,,,,,,,,,,,,,,,,,,,,,,,,,,,,,,,,,,,,,,,,,,,,,,,,,,,,,,,,,,,
Balance of Payments:,,,,,,,,,,,,,,,,,,,,,,,,,,,,,,,,,,,,,,,,,,,,,,,,,,,,,,,,,,,,,,,,,,,,,,,,,,,,,,,,,,,,,,,,,,,,,,,,,,,,,,,,,,,,,,,,,,,,,,,,,,,,,,,,,,,,,,,,,,,,,,,,,,
"The balance of payments is a statement that summarises the economic transactions between residents of an economy and non-residents. These transactions occur during a specific time period. It consists of the current account, and the capital and financial account. The former covers cross-border transactions in goods and services, as well as income flows and transfers while the latter records capital and financial flows. The balance of payments is used to assess the external performance of an economy and to formulate policies associated with it.",,,,,,,,,,,,,,,,,,,,,,,,,,,,,,,,,,,,,,,,,,,,,,,,,,,,,,,,,,,,,,,,,,,,,,,,,,,,,,,,,,,,,,,,,,,,,,,,,,,,,,,,,,,,,,,,,,,,,,,,,,,,,,,,,,,,,,,,,,,,,,,,,,
Current Account:,,,,,,,,,,,,,,,,,,,,,,,,,,,,,,,,,,,,,,,,,,,,,,,,,,,,,,,,,,,,,,,,,,,,,,,,,,,,,,,,,,,,,,,,,,,,,,,,,,,,,,,,,,,,,,,,,,,,,,,,,,,,,,,,,,,,,,,,,,,,,,,,,,
"A set of transactions consisting of exports and imports of goods and services, primary income receipts and payments, as well as net current transfers (secondary income).",,,,,,,,,,,,,,,,,,,,,,,,,,,,,,,,,,,,,,,,,,,,,,,,,,,,,,,,,,,,,,,,,,,,,,,,,,,,,,,,,,,,,,,,,,,,,,,,,,,,,,,,,,,,,,,,,,,,,,,,,,,,,,,,,,,,,,,,,,,,,,,,,,
Current Account Balance:,,,,,,,,,,,,,,,,,,,,,,,,,,,,,,,,,,,,,,,,,,,,,,,,,,,,,,,,,,,,,,,,,,,,,,,,,,,,,,,,,,,,,,,,,,,,,,,,,,,,,,,,,,,,,,,,,,,,,,,,,,,,,,,,,,,,,,,,,,,,,,,,,,
"The balance of cross-border transactions in goods, services, primary income and secondary income. It shows the net change in financial assets arising from real transactions by Singapore residents with non-residents.",,,,,,,,,,,,,,,,,,,,,,,,,,,,,,,,,,,,,,,,,,,,,,,,,,,,,,,,,,,,,,,,,,,,,,,,,,,,,,,,,,,,,,,,,,,,,,,,,,,,,,,,,,,,,,,,,,,,,,,,,,,,,,,,,,,,,,,,,,,,,,,,,,
Exports of Services:,,,,,,,,,,,,,,,,,,,,,,,,,,,,,,,,,,,,,,,,,,,,,,,,,,,,,,,,,,,,,,,,,,,,,,,,,,,,,,,,,,,,,,,,,,,,,,,,,,,,,,,,,,,,,,,,,,,,,,,,,,,,,,,,,,,,,,,,,,,,,,,,,,
"Refers to the value of cross-border services which are provided by residents to non-residents. In the case of Singapore, these exports represent the value of services provided by entities in Singapore to entities in other countries. ",,,,,,,,,,,,,,,,,,,,,,,,,,,,,,,,,,,,,,,,,,,,,,,,,,,,,,,,,,,,,,,,,,,,,,,,,,,,,,,,,,,,,,,,,,,,,,,,,,,,,,,,,,,,,,,,,,,,,,,,,,,,,,,,,,,,,,,,,,,,,,,,,,
Goods Balance:,,,,,,,,,,,,,,,,,,,,,,,,,,,,,,,,,,,,,,,,,,,,,,,,,,,,,,,,,,,,,,,,,,,,,,,,,,,,,,,,,,,,,,,,,,,,,,,,,,,,,,,,,,,,,,,,,,,,,,,,,,,,,,,,,,,,,,,,,,,,,,,,,,
The difference between total exports and total imports of goods on a free-on-board (f.o.b.) basis.,,,,,,,,,,,,,,,,,,,,,,,,,,,,,,,,,,,,,,,,,,,,,,,,,,,,,,,,,,,,,,,,,,,,,,,,,,,,,,,,,,,,,,,,,,,,,,,,,,,,,,,,,,,,,,,,,,,,,,,,,,,,,,,,,,,,,,,,,,,,,,,,,,
Imports of Services:,,,,,,,,,,,,,,,,,,,,,,,,,,,,,,,,,,,,,,,,,,,,,,,,,,,,,,,,,,,,,,,,,,,,,,,,,,,,,,,,,,,,,,,,,,,,,,,,,,,,,,,,,,,,,,,,,,,,,,,,,,,,,,,,,,,,,,,,,,,,,,,,,,
"Refers to the value of cross-border services which are provided by non-residents to residents. In the case of Singapore, these imports represent the value of services provided by entities in other countries to entities in Singapore. ",,,,,,,,,,,,,,,,,,,,,,,,,,,,,,,,,,,,,,,,,,,,,,,,,,,,,,,,,,,,,,,,,,,,,,,,,,,,,,,,,,,,,,,,,,,,,,,,,,,,,,,,,,,,,,,,,,,,,,,,,,,,,,,,,,,,,,,,,,,,,,,,,,
Overall Balance:,,,,,,,,,,,,,,,,,,,,,,,,,,,,,,,,,,,,,,,,,,,,,,,,,,,,,,,,,,,,,,,,,,,,,,,,,,,,,,,,,,,,,,,,,,,,,,,,,,,,,,,,,,,,,,,,,,,,,,,,,,,,,,,,,,,,,,,,,,,,,,,,,,
"The overall balance of the current, capital and financial accounts. It is the balance of all the transactions of Singapore residents and non-residents. These transactions are financed by official reserves.",,,,,,,,,,,,,,,,,,,,,,,,,,,,,,,,,,,,,,,,,,,,,,,,,,,,,,,,,,,,,,,,,,,,,,,,,,,,,,,,,,,,,,,,,,,,,,,,,,,,,,,,,,,,,,,,,,,,,,,,,,,,,,,,,,,,,,,,,,,,,,,,,,
Primary Income Balance:,,,,,,,,,,,,,,,,,,,,,,,,,,,,,,,,,,,,,,,,,,,,,,,,,,,,,,,,,,,,,,,,,,,,,,,,,,,,,,,,,,,,,,,,,,,,,,,,,,,,,,,,,,,,,,,,,,,,,,,,,,,,,,,,,,,,,,,,,,,,,,,,,,
The difference between primary income receivable by Singapore residents from abroad and primary income payable to non-residents from Singapore.,,,,,,,,,,,,,,,,,,,,,,,,,,,,,,,,,,,,,,,,,,,,,,,,,,,,,,,,,,,,,,,,,,,,,,,,,,,,,,,,,,,,,,,,,,,,,,,,,,,,,,,,,,,,,,,,,,,,,,,,,,,,,,,,,,,,,,,,,,,,,,,,,,
Reserve Assets:,,,,,,,,,,,,,,,,,,,,,,,,,,,,,,,,,,,,,,,,,,,,,,,,,,,,,,,,,,,,,,,,,,,,,,,,,,,,,,,,,,,,,,,,,,,,,,,,,,,,,,,,,,,,,,,,,,,,,,,,,,,,,,,,,,,,,,,,,,,,,,,,,,
"Show the changes in Singapores foreign reserves holdings. They consist of Singapores official holdings of monetary gold and foreign exchange assets, as well as Singapores special drawing rights and reserve position in the International Monetary Fund.",,,,,,,,,,,,,,,,,,,,,,,,,,,,,,,,,,,,,,,,,,,,,,,,,,,,,,,,,,,,,,,,,,,,,,,,,,,,,,,,,,,,,,,,,,,,,,,,,,,,,,,,,,,,,,,,,,,,,,,,,,,,,,,,,,,,,,,,,,,,,,,,,,
Secondary Income Balance:,,,,,,,,,,,,,,,,,,,,,,,,,,,,,,,,,,,,,,,,,,,,,,,,,,,,,,,,,,,,,,,,,,,,,,,,,,,,,,,,,,,,,,,,,,,,,,,,,,,,,,,,,,,,,,,,,,,,,,,,,,,,,,,,,,,,,,,,,,,,,,,,,,
The difference between current transfers received by Singapore residents from abroad and current transfers received by non-residents from Singapore.,,,,,,,,,,,,,,,,,,,,,,,,,,,,,,,,,,,,,,,,,,,,,,,,,,,,,,,,,,,,,,,,,,,,,,,,,,,,,,,,,,,,,,,,,,,,,,,,,,,,,,,,,,,,,,,,,,,,,,,,,,,,,,,,,,,,,,,,,,,,,,,,,,
Services Balance:,,,,,,,,,,,,,,,,,,,,,,,,,,,,,,,,,,,,,,,,,,,,,,,,,,,,,,,,,,,,,,,,,,,,,,,,,,,,,,,,,,,,,,,,,,,,,,,,,,,,,,,,,,,,,,,,,,,,,,,,,,,,,,,,,,,,,,,,,,,,,,,,,,
The difference between total exports and total imports of services.,,,,,,,,,,,,,,,,,,,,,,,,,,,,,,,,,,,,,,,,,,,,,,,,,,,,,,,,,,,,,,,,,,,,,,,,,,,,,,,,,,,,,,,,,,,,,,,,,,,,,,,,,,,,,,,,,,,,,,,,,,,,,,,,,,,,,,,,,,,,,,,,,,
,,,,,,,,,,,,,,,,,,,,,,,,,,,,,,,,,,,,,,,,,,,,,,,,,,,,,,,,,,,,,,,,,,,,,,,,,,,,,,,,,,,,,,,,,,,,,,,,,,,,,,,,,,,,,,,,,,,,,,,,,,,,,,,,,,,,,,,,,,,,,,,,,,
Notation:,,,,,,,,,,,,,,,,,,,,,,,,,,,,,,,,,,,,,,,,,,,,,,,,,,,,,,,,,,,,,,,,,,,,,,,,,,,,,,,,,,,,,,,,,,,,,,,,,,,,,,,,,,,,,,,,,,,,,,,,,,,,,,,,,,,,,,,,,,,,,,,,,,
na   not available or not applicable,,,,,,,,,,,,,,,,,,,,,,,,,,,,,,,,,,,,,,,,,,,,,,,,,,,,,,,,,,,,,,,,,,,,,,,,,,,,,,,,,,,,,,,,,,,,,,,,,,,,,,,,,,,,,,,,,,,,,,,,,,,,,,,,,,,,,,,,,,,,,,,,,,
nec  not elsewhere classified,,,,,,,,,,,,,,,,,,,,,,,,,,,,,,,,,,,,,,,,,,,,,,,,,,,,,,,,,,,,,,,,,,,,,,,,,,,,,,,,,,,,,,,,,,,,,,,,,,,,,,,,,,,,,,,,,,,,,,,,,,,,,,,,,,,,,,,,,,,,,,,,,,
nes  not elsewhere specified,,,,,,,,,,,,,,,,,,,,,,,,,,,,,,,,,,,,,,,,,,,,,,,,,,,,,,,,,,,,,,,,,,,,,,,,,,,,,,,,,,,,,,,,,,,,,,,,,,,,,,,,,,,,,,,,,,,,,,,,,,,,,,,,,,,,,,,,,,,,,,,,,,
 -     nil or negligible or not significant,,,,,,,,,,,,,,,,,,,,,,,,,,,,,,,,,,,,,,,,,,,,,,,,,,,,,,,,,,,,,,,,,,,,,,,,,,,,,,,,,,,,,,,,,,,,,,,,,,,,,,,,,,,,,,,,,,,,,,,,,,,,,,,,,,,,,,,,,,,,,,,,,,
Notes,,,,,,,,,,,,,,,,,,,,,,,,,,,,,,,,,,,,,,,,,,,,,,,,,,,,,,,,,,,,,,,,,,,,,,,,,,,,,,,,,,,,,,,,,,,,,,,,,,,,,,,,,,,,,,,,,,,,,,,,,,,,,,,,,,,,,,,,,,,,,,,,,,
Numbers may not add up to the totals due to rounding.,,,,,,,,,,,,,,,,,,,,,,,,,,,,,,,,,,,,,,,,,,,,,,,,,,,,,,,,,,,,,,,,,,,,,,,,,,,,,,,,,,,,,,,,,,,,,,,,,,,,,,,,,,,,,,,,,,,,,,,,,,,,,,,,,,,,,,,,,,,,,,,,,,
"Data are the latest available at the time of access or download. Some statistics, particularly those for the most recent time periods, are provisional and may be subject to revision at a later date.",,,,,,,,,,,,,,,,,,,,,,,,,,,,,,,,,,,,,,,,,,,,,,,,,,,,,,,,,,,,,,,,,,,,,,,,,,,,,,,,,,,,,,,,,,,,,,,,,,,,,,,,,,,,,,,,,,,,,,,,,,,,,,,,,,,,,,,,,,,,,,,,,,
Values are shown in Singapore dollars (unless otherwise specified),,,,,,,,,,,,,,,,,,,,,,,,,,,,,,,,,,,,,,,,,,,,,,,,,,,,,,,,,,,,,,,,,,,,,,,,,,,,,,,,,,,,,,,,,,,,,,,,,,,,,,,,,,,,,,,,,,,,,,,,,,,,,,,,,,,,,,,,,,,,,,,,,,
,,,,,,,,,,,,,,,,,,,,,,,,,,,,,,,,,,,,,,,,,,,,,,,,,,,,,,,,,,,,,,,,,,,,,,,,,,,,,,,,,,,,,,,,,,,,,,,,,,,,,,,,,,,,,,,,,,,,,,,,,,,,,,,,,,,,,,,,,,,,,,,,,,
Generated by: SingStat Table Builder,,,,,,,,,,,,,,,,,,,,,,,,,,,,,,,,,,,,,,,,,,,,,,,,,,,,,,,,,,,,,,,,,,,,,,,,,,,,,,,,,,,,,,,,,,,,,,,,,,,,,,,,,,,,,,,,,,,,,,,,,,,,,,,,,,,,,,,,,,,,,,,,,,
Date generated: 29/08/2022,,,,,,,,,,,,,,,,,,,,,,,,,,,,,,,,,,,,,,,,,,,,,,,,,,,,,,,,,,,,,,,,,,,,,,,,,,,,,,,,,,,,,,,,,,,,,,,,,,,,,,,,,,,,,,,,,,,,,,,,,,,,,,,,,,,,,,,,,,,,,,,,,,
Contact: info@singstat.gov.sg,,,,,,,,,,,,,,,,,,,,,,,,,,,,,,,,,,,,,,,,,,,,,,,,,,,,,,,,,,,,,,,,,,,,,,,,,,,,,,,,,,,,,,,,,,,,,,,,,,,,,,,,,,,,,,,,,,,,,,,,,,,,,,,,,,,,,,,,,,,,,,,,,,