,,,,,,,,,,,,,,,,,,,,,,,,,,,,,,,,,,,,,,,,,,,,,,,,,,,,,,,,,,,,,,,,,,,,,,,,,,,,
Theme: Economy,,,,,,,,,,,,,,,,,,,,,,,,,,,,,,,,,,,,,,,,,,,,,,,,,,,,,,,,,,,,,,,,,,,,,,,,,,,,
Subject: External Debt,,,,,,,,,,,,,,,,,,,,,,,,,,,,,,,,,,,,,,,,,,,,,,,,,,,,,,,,,,,,,,,,,,,,,,,,,,,,
"Topic: Singapore's External Debt",,,,,,,,,,,,,,,,,,,,,,,,,,,,,,,,,,,,,,,,,,,,,,,,,,,,,,,,,,,,,,,,,,,,,,,,,,,,
"Table Title: Singapore External Debt Statistics, (End Of Period), Quarterly",,,,,,,,,,,,,,,,,,,,,,,,,,,,,,,,,,,,,,,,,,,,,,,,,,,,,,,,,,,,,,,,,,,,,,,,,,,,
,,,,,,,,,,,,,,,,,,,,,,,,,,,,,,,,,,,,,,,,,,,,,,,,,,,,,,,,,,,,,,,,,,,,,,,,,,,,
Data last updated: 30/06/2022,,,,,,,,,,,,,,,,,,,,,,,,,,,,,,,,,,,,,,,,,,,,,,,,,,,,,,,,,,,,,,,,,,,,,,,,,,,,
Source: SINGAPORE DEPARTMENT OF STATISTICS,,,,,,,,,,,,,,,,,,,,,,,,,,,,,,,,,,,,,,,,,,,,,,,,,,,,,,,,,,,,,,,,,,,,,,,,,,,,
,,,,,,,,,,,,,,,,,,,,,,,,,,,,,,,,,,,,,,,,,,,,,,,,,,,,,,,,,,,,,,,,,,,,,,,,,,,,
,,,,,,,,,,,,,,,,,,,,,,,,,,,,,,,,,,,,,,,,,,,,,,,,,,,,,,,,,,,,,,,,,,,,,,,,,,,,Million Dollars
Data Series,2022 1Q ,2021 4Q ,2021 3Q ,2021 2Q ,2021 1Q ,2020 4Q ,2020 3Q ,2020 2Q ,2020 1Q ,2019 4Q ,2019 3Q ,2019 2Q ,2019 1Q ,2018 4Q ,2018 3Q ,2018 2Q ,2018 1Q ,2017 4Q ,2017 3Q ,2017 2Q ,2017 1Q ,2016 4Q ,2016 3Q ,2016 2Q ,2016 1Q ,2015 4Q ,2015 3Q ,2015 2Q ,2015 1Q ,2014 4Q ,2014 3Q ,2014 2Q ,2014 1Q ,2013 4Q ,2013 3Q ,2013 2Q ,2013 1Q ,2012 4Q ,2012 3Q ,2012 2Q ,2012 1Q ,2011 4Q ,2011 3Q ,2011 2Q ,2011 1Q ,2010 4Q ,2010 3Q ,2010 2Q ,2010 1Q ,2009 4Q ,2009 3Q ,2009 2Q ,2009 1Q ,2008 4Q ,2008 3Q ,2008 2Q ,2008 1Q ,2007 4Q ,2007 3Q ,2007 2Q ,2007 1Q ,2006 4Q ,2006 3Q ,2006 2Q ,2006 1Q ,2005 4Q ,2005 3Q ,2005 2Q ,2005 1Q ,2004 4Q ,2004 3Q ,2004 2Q ,2004 1Q ,2003 4Q ,2003 3Q ,2003 2Q 
Gross External Debt,2441891.5,2390923.1,2326407,2265002.1,2268249.7,2266976.4,2245667.9,2299282.5,2432739.8,2172999.8,2190583.6,2158525.6,2100978.5,2091743.4,2086525.2,2148980.5,2077970.6,2008918.2,1979679.7,1947463.9,1943035.6,1937439.9,1870789.3,1856504.6,1840974.2,1817155.6,1864880.8,1792234.1,1846688.6,1779546.3,1748558.1,1726152.8,1687233.4,1678111.3,1612479.3,1589994.2,1554561.4,1524667.9,1504075.9,1503888.9,1476893.3,1490737.6,1528617.8,1416976.2,1409657.8,1363557,1359018.1,1332826.3,1308273.6,1264936.7,1269995.3,1304543.3,1324864.6,1359984.9,1430293.3,1377357.2,1427394.3,1329810.6,1245657.1,1175038.7,1109120.4,1065423.1,1058533.9,1045928.1,991356.2,1021682.9,998052.9,978116.4,958062.2,942763.7,924066.1,921129.1,913613.7,858357,856265.3,854184
  Direct Investment: Intercompany Loans,380574.6,341092.7,350089.1,342481,354145.5,375882.2,374155.8,373471.4,375546.9,373647.7,368082.9,356509.3,340133,335999.3,343594.1,340136.3,341889.1,345740.2,339467.3,331371,325985.1,318785.5,311789.6,304850,305673.4,252784.2,252533,254573.5,255902.6,229262.3,215821.7,205957.1,196816.4,182846.5,176980.2,177590.3,172761.5,169926.9,174611,171067.5,169789.5,163619,157005.9,150621.9,144127.3,138402.5,136979.8,132060.1,126570.9,122233.5,125491.7,127631.9,130055.9,132706.1,124259.6,123517,117171.8,93984.6,89361.2,83815.7,78512.6,75654.5,70789.1,65552.9,62783,58081.6,67201.1,80408.6,81398.7,51213.1,52029.2,51065.7,49757,46911,45845.5,43874
    Debt Liabilities Of DIE To Direct Investors,295154.7,263847,267155.1,257911.4,262563.8,282961.3,280807.9,273381.4,268115.6,259586.6,257484.8,252959,246175.5,246551.2,244474.3,237180.5,231591.6,231269.1,225644.4,221219.9,219225.2,215576.6,202072.2,196330.2,194106.3,140049.8,136098,139000.8,140389.7,128997.1,121709.1,116631.7,111954.9,104687.2,102216.7,103396.5,103161.5,104237.6,104278.8,100212.9,100795.1,101377.2,96071.1,90989,86132,82148.8,79530,75178,70672.7,68003.6,70691.1,72089.4,73118.2,74352.2,70120.7,71432.5,67379.1,46878.7,44829.5,41307,37723.2,35490,31667.4,27343.9,25391.1,21275,28290.2,41392,44142.6,16825,18857,19152.5,19255.4,17782.1,19081.2,18600.7
    Debt Liabilities Of Direct Investors To DIE,48170.2,47305.9,48741.4,46803.6,47091.7,42451.9,38445.6,41265.1,44210.6,47084.2,48066.5,48062.8,47732.6,47733.5,48194.4,49237.9,49701.4,48419.8,45898.6,41154,36274.7,30506.5,28513.4,27914.4,27705.1,26879.4,25592.1,24012.9,22507.6,21440.1,20865.5,20833.3,20768.5,20094,18816.5,16938.1,15016.4,13606.6,12609.4,11917.5,11386.8,10871.4,10015.4,9929.2,9655.3,9548.6,10222.9,10192.6,9811.6,9473.6,11277.5,10548.4,10154.4,11226.7,9425.6,9188.7,9162.1,9463,8052.3,7596.7,7300.3,7404.9,7148,7144.9,7143.3,7061.6,6104.2,6090.8,6086.7,5783.5,5412.2,5408,5409.5,5289.2,4694,4682
    Debt Liabilities Between Fellow Enterprises,37249.7,29939.8,34192.6,37766,44490,50469,54902.3,58824.9,63220.7,66976.9,62531.6,55487.5,46224.9,41714.6,50925.4,53717.9,60596.1,66051.3,67924.3,68997.1,70485.2,72702.4,81204,80605.4,83862,85855,90842.9,91559.8,93005.3,78825.1,73247.1,68492.1,64093,58065.3,55947,57255.7,54583.6,52082.7,57722.8,58937.1,57607.6,51370.4,50919.4,49703.7,48340,46705.1,47226.9,46689.5,46086.6,44756.3,43523.1,44994.1,46783.3,47127.2,44713.3,42895.8,40630.6,37642.9,36479.4,34912,33489.1,32759.6,31973.7,31064.1,30248.6,29745,32806.7,32925.8,31169.4,28604.6,27760,26505.2,25092.1,23839.7,22070.3,20591.3
  Other Liabilities,2061316.9,2049830.4,1976317.9,1922521.1,1914104.2,1891094.2,1871512.1,1925811.1,2057192.9,1799352.1,1822500.7,1802016.3,1760845.5,1755744.1,1742931.1,1808844.2,1736081.5,1663178,1640212.4,1616092.9,1617050.5,1618654.4,1558999.7,1551654.6,1535300.8,1564371.4,1612347.8,1537660.6,1590786,1550284,1532736.4,1520195.7,1490417,1495264.8,1435499.1,1412403.9,1381799.9,1354741,1329464.9,1332821.4,1307103.8,1327118.6,1371611.9,1266354.3,1265530.5,1225154.5,1222038.3,1200766.2,1181702.7,1142703.2,1144503.6,1176911.4,1194808.7,1227278.8,1306033.7,1253840.2,1310222.5,1235826,1156295.9,1091223,1030607.8,989768.6,987744.8,980375.2,928573.2,963601.3,930851.8,897707.8,876663.5,891550.6,872036.9,870063.4,863856.7,811446,810419.8,810310
    General Government,0,0,0,0,0,0,0,0,0,0,0,0,0,0,0,0,0,0,0,0,0,0,0,0,0,0,0,0,0,0,0,0,0,0,0,0,0,0,0,0,0,0,0,0,0,0,0,0,0,0,0,0,0,0,0,0,0,0,0,0,0,0,0,0,0,0,0,0,0,0,0,0,0,0,0,0
    Central Bank,8428,8503.6,8617.3,1471.5,1464.1,1421.3,1432.2,1429.9,1448.7,1387.1,1402.3,1400.3,1398.8,1410.5,1420.1,1429.1,1417.5,1417.3,1428.7,1425.4,1412.6,1445.8,1419.7,1398.5,1412.2,1462.2,1490.3,1409.4,1408.3,1428.8,1407.1,1434.2,1446.6,1446.8,1432.6,1419.6,1382.7,1399.4,1406.4,1438.5,1449.4,1486.1,1511.2,1464.1,1488.7,1478,1525.8,1542.3,1585,1674.1,1674.1,36.5,37.4,37.3,36.5,36.5,37.4,37.4,38.3,38.2,37.7,38.2,38.7,38.7,38.4,39.4,40.4,40.4,41.1,41.4,40.8,40.8,41,41.5,40.7,40.5
      Short-Term,0,0,0,0,0,0,0,0,0,0,0,0,0,0,0,0,0,0,0,0,0,0,0,0,0,0,0,0,0,0,0,0,0,0,0,0,0,0,0,0,0,0,0,0,0,0,0,0,0,0,0,0,0,0,0,0,0,0,0,0,0,0,0,0,0,0,0,0,0,0,0,0,0,0,0,0
        Loans,0,0,0,0,0,0,0,0,0,0,0,0,0,0,0,0,0,0,0,0,0,0,0,0,0,0,0,0,0,0,0,0,0,0,0,0,0,0,0,0,0,0,0,0,0,0,0,0,0,0,0,0,0,0,0,0,0,0,0,0,0,0,0,0,0,0,0,0,0,0,0,0,0,0,0,0
        Debt Securities,0,0,0,0,0,0,0,0,0,0,0,0,0,0,0,0,0,0,0,0,0,0,0,0,0,0,0,0,0,0,0,0,0,0,0,0,0,0,0,0,0,0,0,0,0,0,0,0,0,0,0,0,0,0,0,0,0,0,0,0,0,0,0,0,0,0,0,0,0,0,0,0,0,0,0,0
        Currency And Deposits,-,-,-,-,-,-,-,-,-,-,-,-,-,-,-,-,-,-,-,-,-,-,-,-,-,-,-,-,-,-,-,-,-,-,-,-,-,-,-,-,-,-,-,-,-,-,-,-,-,-,-,-,-,-,-,-,-,-,-,-,-,-,-,-,-,-,-,-,-,-,-,-,-,-,-,-
        Others,0,0,0,0,0,0,0,0,0,0,0,0,0,0,0,0,0,0,0,0,0,0,0,0,0,0,0,0,0,0,0,0,0,0,0,0,0,0,0,0,0,0,0,0,0,0,0,0,0,0,0,0,0,0,0,0,0,0,0,0,0,0,0,0,0,0,0,0,0,0,0,0,0,0,0,0
      Long-Term,8428,8503.6,8617.3,1471.5,1464.1,1421.3,1432.2,1429.9,1448.7,1387.1,1402.3,1400.3,1398.8,1410.5,1420.1,1429.1,1417.5,1417.3,1428.7,1425.4,1412.6,1445.8,1419.7,1398.5,1412.2,1462.2,1490.3,1409.4,1408.3,1428.8,1407.1,1434.2,1446.6,1446.8,1432.6,1419.6,1382.7,1399.4,1406.4,1438.5,1449.4,1486.1,1511.2,1464.1,1488.7,1478,1525.8,1542.3,1585,1674.1,1674.1,36.5,37.4,37.3,36.5,36.5,37.4,37.4,38.3,38.2,37.7,38.2,38.7,38.7,38.4,39.4,40.4,40.4,41.1,41.4,40.8,40.8,41,41.5,40.7,40.5
        Special Drawing Rights (Allocations),8428,8503.6,8617.3,1471.5,1464.1,1421.3,1432.2,1429.9,1448.7,1387.1,1402.3,1400.3,1398.8,1410.5,1420.1,1429.1,1417.5,1417.3,1428.7,1425.4,1412.6,1445.8,1419.7,1398.5,1412.2,1462.2,1490.3,1409.4,1408.3,1428.8,1407.1,1434.2,1446.6,1446.8,1432.6,1419.6,1382.7,1399.4,1406.4,1438.5,1449.4,1486.1,1511.2,1464.1,1488.7,1478,1525.8,1542.3,1585,1674.1,1674.1,36.5,37.4,37.3,36.5,36.5,37.4,37.4,38.3,38.2,37.7,38.2,38.7,38.7,38.4,39.4,40.4,40.4,41.1,41.4,40.8,40.8,41,41.5,40.7,40.5
        Loans,0,0,0,0,0,0,0,0,0,0,0,0,0,0,0,0,0,0,0,0,0,0,0,0,0,0,0,0,0,0,0,0,0,0,0,0,0,0,0,0,0,0,0,0,0,0,0,0,0,0,0,0,0,0,0,0,0,0,0,0,0,0,0,0,0,0,0,0,0,0,0,0,0,0,0,0
        Debt Securities,0,0,0,0,0,0,0,0,0,0,0,0,0,0,0,0,0,0,0,0,0,0,0,0,0,0,0,0,0,0,0,0,0,0,0,0,0,0,0,0,0,0,0,0,0,0,0,0,0,0,0,0,0,0,0,0,0,0,0,0,0,0,0,0,0,0,0,0,0,0,0,0,0,0,0,0
        Others,0,0,0,0,0,0,0,0,0,0,0,0,0,0,0,0,0,0,0,0,0,0,0,0,0,0,0,0,0,0,0,0,0,0,0,0,0,0,0,0,0,0,0,0,0,0,0,0,0,0,0,0,0,0,0,0,0,0,0,0,0,0,0,0,0,0,0,0,0,0,0,0,0,0,0,0
    Deposit-Taking Corporations,1535751.4,1551027.9,1491005.7,1463145.2,1464633.5,1464866.2,1451500.3,1506011.3,1621894.1,1390415.3,1410942,1386654.6,1360733.9,1362556.5,1340130.8,1390555.6,1341981.1,1293421.6,1255873.8,1223758.6,1245603.8,1253362.2,1215222.3,1224238.1,1224090.2,1239125.3,1305330.9,1230880.1,1280969.3,1242602.5,1210645.3,1207565.3,1191551.4,1188696.9,1130223.5,1119084.8,1094939.7,1070379.4,1055193,1061189.1,1034160.9,1061772.8,1105930.7,1007587.9,1014759,992097.1,996872.3,993690.4,981428.3,950935.7,967092.8,1008035.3,1027998.5,1060550,1138572.2,1081263.9,1132634.9,1065923.3,994047.6,937346,887722.1,854574.1,850897.6,841510.7,792162.1,828620,799901.1,768470.5,750336.1,768190.7,752712.4,752799.8,751061.7,698806.3,697915.7,702572.2
      Short-Term,1346201,1367335.6,1296511.3,1280603.9,1256914.1,1245196.9,1226661.7,1276150.1,1366401.9,1245075.5,1251931.6,1251438.2,1246652.8,1254134.1,1229547,1283228.8,1247415.6,1205340.1,1165871.8,1129928.2,1158374.7,1146492.7,1114402,1105688.4,1102168.9,1133983.4,1184601.8,1140115.8,1180051.4,1155988,1130033.3,1140246.5,1122075.2,1113891.9,1053781.8,1038052.1,1021188.6,998801,981853.6,988783.4,962364.3,984450.8,1011183,937169.2,946958,921625.2,916554,922292.9,911724.5,882978,894426.9,935730.9,937014.6,961993.8,1058550.6,1016531.3,1063449.1,1016764.8,944809,892622.7,849462.2,817514.2,817327.4,807410.5,757116.7,798170.6,766675.3,736806.6,720909.5,737753.3,727524.2,728572.6,717347.8,669288.9,666050.8,672955.5
        Loans,0,0,0,0,0,0,0,0,0,0,0,0,0,0,0,0,0,0,0,0,0,0,0,0,0,0,0,0,0,0,0,0,0,0,0,0,0,0,0,0,0,0,0,0,0,0,0,0,0,0,0,0,0,0,0,0,0,0,0,0,0,0,0,0,0,0,0,0,0,0,0,0,0,0,0,0
        Debt Securities,27484.7,32259.4,24850.3,17232.5,12932.1,16494.3,16314.4,19677.7,20564.8,21255.8,21534.8,24197.5,20997.3,21418.9,22099.4,20245.3,19416.1,20394.7,17676.2,16978,13862.1,12018.3,12140,12794.9,8320.3,7522.5,10048.4,9600.6,11533.3,13474.6,13100.8,12918.9,11436.1,10238.5,9984.2,5272.1,4486.9,3591.3,3393.8,4663,2712.4,1881,2907.2,2872.6,2859.5,2026.4,1849.7,2158.3,1603.4,1631.1,2071,2157,2220.4,1869.5,2030,2068.9,3747.8,4265.8,4609.2,5605.3,5743.1,5881.5,6875.2,5851.9,5203,4084.5,4735.4,5202.9,6588.8,3721.7,3774.1,3061.1,2830.7,2308.6,2631.6,1773.4
        Currency And Deposits,1307011.9,1321327,1257297.1,1255235.6,1234766.6,1218949.2,1199978.7,1246097.4,1337169.4,1216896.8,1223549.7,1220200,1218761.7,1225482.7,1200129.4,1255610.1,1220579.5,1177535.4,1141312.7,1106157.2,1137640.5,1127737.6,1096532.9,1087402.6,1088238.8,1120889.7,1169167.1,1125502.8,1163617.2,1137726.2,1112558.1,1122879.3,1106155.4,1099077.2,1039369.2,1028495,1012303.1,990715.3,974074.9,979657.6,955299,978247.6,1004099.6,930311.8,939956.1,915231.4,910268.8,915834.5,905493.2,876537.1,887369.6,927925.6,929138.7,954009.5,1051207.6,1008939.7,1053297.2,1005315.9,933410.9,880515.5,837531.8,805192,804472.3,795764.8,746362.6,788129.1,756121.9,725234.6,707843.7,726983.7,716477.3,717751.5,706242,657716.1,653579,660214.1
        Others,11704.4,13749.2,14363.9,8135.8,9215.4,9753.4,10368.6,10375,8667.7,6922.9,6847.1,7040.7,6893.8,7232.5,7318.2,7373.4,7420,7410,6882.9,6793,6872.1,6736.8,5729.1,5490.9,5609.8,5571.2,5386.3,5012.4,4900.9,4787.2,4374.4,4448.3,4483.7,4576.2,4428.4,4285,4398.6,4494.4,4384.9,4462.8,4352.9,4322.2,4176.2,3984.8,4142.4,4367.4,4435.5,4300.1,4627.9,4809.8,4986.3,5648.3,5655.5,6114.8,5313,5522.7,6404.1,7183.1,6788.9,6501.9,6187.3,6440.7,5979.9,5793.8,5551.1,5957,5818,6369.1,6477,7047.9,7272.8,7760,8275.1,9264.2,9840.2,10968
      Long-Term,189550.4,183692.3,194494.4,182541.3,207719.4,219669.3,224838.6,229861.2,255492.2,145339.8,159010.4,135216.4,114081.1,108422.4,110583.8,107326.8,94565.5,88081.5,90002,93830.4,87229.1,106869.5,100820.3,118549.7,121921.3,105141.9,120729.1,90764.3,100917.9,86614.5,80612,67318.8,69476.2,74805,76441.7,81032.7,73751.1,71578.4,73339.4,72405.7,71796.6,77322,94747.7,70418.7,67801,70471.9,80318.3,71397.5,69703.8,67957.7,72665.9,72304.4,90983.9,98556.2,80021.6,64732.6,69185.8,49158.5,49238.6,44723.3,38259.9,37059.9,33570.2,34100.2,35045.4,30449.4,33225.8,31663.9,29426.6,30437.4,25188.2,24227.2,33713.9,29517.4,31864.9,29616.7
        Loans,0,0,0,0,0,0,0,0,0,0,0,0,0,0,0,0,0,0,0,0,0,0,0,0,0,0,0,0,0,0,0,0,0,0,0,0,0,0,0,0,0,0,0,0,0,0,0,0,0,0,0,0,0,0,0,0,0,0,0,0,0,0,0,0,0,0,0,0,0,0,0,0,0,0,0,0
        Debt Securities,6925.1,8170.9,1775.5,935.7,792.1,682.4,741.9,696.8,765.5,770.6,837.7,547,546.9,546,548.5,585.2,584.6,592,598.9,851.2,1049.4,931.9,965.9,959.4,1222.8,2314.8,2332,2063.3,2040,2232.7,2242.9,2328.8,2048.7,2178.3,1580.2,1886,1031.4,1020,1126.9,644.6,633.6,748.4,758.7,733.8,794.8,725.2,1309.7,1295.3,1344.7,1490.4,1484.7,1520.8,1472.5,1323.5,1317.2,1318.9,1427.1,1548.4,1515.4,1529.9,1533.4,1516.3,1500.6,1188.6,1171.1,1105.6,1451.6,1296,1011.5,1005.2,963.5,723.4,687.2,670.4,666.6,681
        Others,182625.3,175521.4,192718.9,181605.6,206927.3,218986.9,224096.7,229164.4,254726.7,144569.2,158172.7,134669.4,113534.2,107876.4,110035.3,106741.6,93980.9,87489.5,89403.1,92979.2,86179.7,105937.6,99854.4,117590.3,120698.5,102827.1,118397.1,88701,98877.9,84381.8,78369.1,64990,67427.5,72626.7,74861.5,79146.7,72719.7,70558.4,72212.5,71761.1,71163,76573.6,93989,69684.9,67006.2,69746.7,79008.6,70102.2,68359.1,66467.3,71181.2,70783.6,89511.4,97232.7,78704.4,63413.7,67758.7,47610.1,47723.2,43193.4,36726.5,35543.6,32069.6,32911.6,33874.3,29343.8,31774.2,30367.9,28415.1,29432.2,24224.7,23503.8,33026.7,28847,31198.3,28935.7
    Other Sector,517137.5,490298.9,476694.9,457904.4,448006.6,424806.7,418579.6,418369.9,433850.1,407549.7,410156.4,413961.4,398712.8,391777.1,401380.2,416859.5,392682.9,368339.1,382909.9,390908.9,370034.1,363846.4,342357.7,326018,309798.4,323783.9,305526.6,305371.1,308408.4,306252.7,320684,311196.2,297419,305121.1,303843,291899.5,285477.5,282962.2,272865.5,270193.8,271493.5,263859.7,264170,257302.3,249282.8,231579.4,223640.2,205533.5,198689.4,190093.4,175736.7,168839.6,166772.8,166691.5,167425,172539.8,177550.2,169865.3,162210,153838.8,142848,135156.3,136808.5,138825.8,136372.7,134941.9,130910.3,129196.9,126286.3,123318.5,119283.7,117222.8,112754,112598.2,112463.4,107697.3
      Short-Term,311471.9,293804.2,287504.9,276023,269171.9,251391,250738.3,248798.2,260119.6,241595.7,254323.4,260115.4,245984.7,246535.7,263877.1,280057.2,264625.4,241698.9,258003.6,267206.6,249604,245258.1,231985.3,220414.2,209550.6,234003.8,218487.6,216998.2,218151.4,216139.2,226494.3,219966.5,210565,219659.1,218880.3,208054.3,204241.8,205298.1,196180.3,193859.8,196779.5,191068.4,198458.7,197569.9,196372.1,184502.9,180606.1,166103.3,157387.1,149916,138441.1,132212.7,130125.2,130020.3,130442.3,135286.5,140998.5,135799,130169,122415.8,112696.1,106432.8,105904.8,107491.8,107278.1,104434.1,101905.2,101105.7,99476,97375.6,94564.4,92405.1,88019.7,86338.2,83921.8,78772.1
        Trade Credits And Advances,150881.6,139107.2,136676.2,134124.6,130171,127223.4,132982.7,127767.4,136681.8,133121.7,153124.5,156177.1,136633.4,144306.7,169147.2,181464.6,174312.1,147442.1,162939.4,167521,147707.8,140744.7,136786.4,128502.8,120805.7,143898.2,141626.3,141568.1,142889.9,143958.2,149096.2,143827.2,141533.7,151598.2,153980.7,147829.8,147001.5,150352.1,144253.4,145275.3,149777.3,145918.9,149411.4,151327.5,151089.2,143400.7,142479.1,131484,119583,111225.9,105225.9,100396.4,97034.3,95436.6,96439,100877.2,105111.3,105501.7,102116.5,95023.9,87590.9,83184.4,81256.1,81257.6,82015.3,82355.6,82859.4,84107.7,84950.2,84236.8,82085.9,78616.2,74503.5,70423.8,66085.8,61198.3
        Loans,137080.3,136482,135462.7,129563,128613.3,114850.8,109488.2,112952,114866.9,101843.6,94502.6,96986.4,101943.1,96760.1,89785.9,93816.5,85844.6,90117.1,91046.3,95929.2,98224.7,101521.9,92710.1,89439.8,86465,87503.1,73896.5,72260.2,71984.7,69273.6,74344.7,72848.1,66070.8,65067.7,62020.9,57324.9,54538.7,52692.8,49888.6,46772,45029.2,43040.3,46498.6,42830,40946.6,36989,34679.2,31985.5,35857,37298.7,31938.9,30566.3,31910,33541.6,32906.8,33206,34512.6,28799.8,26548.6,25895.2,23628,21801.7,23265.8,24957.6,24101.5,21024.9,18042.6,16037.1,13595.7,12222,11637.6,12884.8,12479.8,14757.1,16181.9,15843.9
        Debt Securities,12703.3,7359.3,4049.5,1799.3,1484,2004.7,1717.6,2126.4,3036.1,2131.1,2208.8,2145.3,1875.9,1409.4,1117.3,1272.4,1279.3,1226.6,1166.1,947.8,905,680.1,377.8,569.3,590.6,760.7,1094.4,1235.5,1274.1,864.8,1014.7,1260.8,957.7,1052.6,1048.5,1222,1182.3,846.7,708.5,514,704.4,902.2,1365.2,2072.8,2822.4,3296.5,2014.1,1421.1,980.8,582.9,565.6,592.4,558.9,437.7,514.9,640.4,812.8,941.1,937,904.3,863.5,835.3,796.7,737.7,675.9,610.7,599.2,599.4,603.1,601.6,590.6,630.5,692.2,748.1,819.3,912.4
        Others,10806.7,10855.7,11316.5,10536.1,8903.6,7312.1,6549.8,5952.4,5534.8,4499.3,4487.5,4806.6,5532.3,4059.5,3826.7,3503.7,3189.4,2913.1,2851.8,2808.6,2766.5,2311.4,2111,1902.3,1689.3,1841.8,1870.4,1934.4,2002.7,2042.6,2038.7,2030.4,2002.8,1940.6,1830.2,1677.6,1519.3,1406.5,1329.8,1298.5,1268.6,1207,1183.5,1339.6,1513.9,816.7,1433.7,1212.7,966.3,808.5,710.7,657.6,622,604.4,581.6,562.9,561.8,556.4,566.9,592.4,613.7,611.4,586.2,538.9,485.4,442.9,404,361.5,327,315.2,250.3,273.6,344.2,409.2,834.8,817.5
      Long-Term,205665.6,196494.7,189190,181881.4,178834.7,173415.7,167841.3,169571.7,173730.5,165954,155833,153846,152728.1,145241.4,137503.1,136802.3,128057.5,126640.2,124906.3,123702.3,120430.1,118588.3,110372.4,105603.8,100247.8,89780.1,87039,88372.9,90257,90113.5,94189.7,91229.7,86854,85462,84962.7,83845.2,81235.7,77664.1,76685.2,76334,74714,72791.3,65711.3,59732.4,52910.7,47076.5,43034.1,39430.2,41302.3,40177.4,37295.6,36626.9,36647.6,36671.2,36982.7,37253.3,36551.7,34066.3,32041,31423,30151.9,28723.5,30903.7,31334,29094.6,30507.8,29005.1,28091.2,26810.3,25942.9,24719.3,24817.7,24734.3,26260,28541.6,28925.2
        Loans,65306.9,64680,64188.2,61607.5,61989.5,53054.7,51039.2,52779.8,53854.3,47883.2,44870.2,46342.1,48780.3,47167,44176.9,45610.5,41981.5,43676.5,43229.7,44429.5,44515.6,44876.8,41418,40572.6,39920.4,40052.9,37803.1,40539.2,43845.7,46227.1,48383.9,47760.2,44945,44713.6,43677,42127.9,41383.7,40820.9,40414.9,40092.4,39906.1,38491.8,38097.7,31589.4,25559.3,21125.2,18846.9,17732.3,19869.5,20513.3,17950.6,17279.3,17785.5,18579,18047.9,18042.3,18464.2,15903.6,14628.3,14192.7,13079.9,12030.4,12770.8,13786.3,13657.3,12294.2,10741,9230.2,7769.1,7615.1,7326.2,7694,7469.4,8751.1,10077.5,10617.9
        Debt Securities,107607.1,101246.6,94008.2,88973.9,85977.7,89868.7,87113.5,86568.2,88936.2,89460.6,84043.3,81868.4,79302,74394.4,70801.5,69872,68750.8,66655.2,65066.1,62334.9,58469.5,56463.2,51871,48274.3,43712.5,33541.2,32588.5,32481.8,31185.1,29495.1,30565.6,28612.6,27610,26645.9,27121,26288.4,25113.6,21823.6,21082.5,20043.3,18263.6,16663.3,15401,15974.2,15451.6,15856.1,15304.6,13522.1,13954.6,13494.3,13705.3,13605.7,13434.8,12992.4,13399.5,13873,13462.2,13892.6,13275.7,13142.7,13102.9,12783.7,14265.7,13675.5,11605.3,14400.7,14603.4,15121.5,15287,14803.2,14135.6,13920.3,14213.7,14481.9,15417.7,15304.4
        Others,32751.6,30568.1,30993.6,31300,30867.5,30492.3,29688.6,30223.7,30940,28610.2,26919.5,25635.5,24645.8,23680,22524.7,21319.8,17325.2,16308.5,16610.5,16937.9,17445,17248.3,17083.4,16756.9,16614.9,16186,16647.4,15351.9,15226.2,14391.3,15240.2,14856.9,14299,14102.5,14164.7,15428.9,14738.4,15019.6,15187.8,16198.3,16544.3,17636.2,12212.6,12168.8,11899.8,10095.2,8882.6,8175.8,7478.2,6169.8,5639.7,5741.9,5427.3,5099.8,5535.3,5338,4625.3,4270.1,4137,4087.6,3969.1,3909.4,3867.2,3872.2,3832,3812.9,3660.7,3739.5,3754.2,3524.6,3257.5,3203.4,3051.2,3027,3046.4,3002.9
,,,,,,,,,,,,,,,,,,,,,,,,,,,,,,,,,,,,,,,,,,,,,,,,,,,,,,,,,,,,,,,,,,,,,,,,,,,,
Footnotes:,,,,,,,,,,,,,,,,,,,,,,,,,,,,,,,,,,,,,,,,,,,,,,,,,,,,,,,,,,,,,,,,,,,,,,,,,,,,
"With the implementation of the recommendations of the 6th Edition of the Balance of Payments and International Investment Manual (BPM6), Singapore's gross external debt is now reported on a BPM6 format.  The accompanying revision in the treatment of Asian Currency Units (ACUs) as resident units (which previously were treated as non?resident units) means that the coverage of Singapore's external assets and liabilities has been expanded to include those of the ACUs, resulting in increases in both Singapore's external assets and liabilities.  While the expansion of coverage has resulted in higher gross external debt (or liabilities), it has resulted also in higher external assets.  Singapore remains a net creditor, as the resulting increase in external assets is more than the increase in liabilities.  More information may be found in the Occasional Paper on """"Implementation of IMF Balance of Payments and International Investment Position Manual, Sixth Edition in Singapore's Balance of Payments"""".",,,,,,,,,,,,,,,,,,,,,,,,,,,,,,,,,,,,,,,,,,,,,,,,,,,,,,,,,,,,,,,,,,,,,,,,,,,,
Gross External Debt -> Direct Investment: Intercompany Loans -> Debt Liabilities Of DIE To Direct Investors (Million Dollars):,,,,,,,,,,,,,,,,,,,,,,,,,,,,,,,,,,,,,,,,,,,,,,,,,,,,,,,,,,,,,,,,,,,,,,,,,,,,
Refers to direct investment enterprise.,,,,,,,,,,,,,,,,,,,,,,,,,,,,,,,,,,,,,,,,,,,,,,,,,,,,,,,,,,,,,,,,,,,,,,,,,,,,
Gross External Debt -> Direct Investment: Intercompany Loans -> Debt Liabilities Of Direct Investors To DIE (Million Dollars):,,,,,,,,,,,,,,,,,,,,,,,,,,,,,,,,,,,,,,,,,,,,,,,,,,,,,,,,,,,,,,,,,,,,,,,,,,,,
Refers to direct investment enterprise.,,,,,,,,,,,,,,,,,,,,,,,,,,,,,,,,,,,,,,,,,,,,,,,,,,,,,,,,,,,,,,,,,,,,,,,,,,,,
Gross External Debt -> Other Liabilities -> Deposit-Taking Corporations -> Short-Term -> Currency And Deposits (Million Dollars):,,,,,,,,,,,,,,,,,,,,,,,,,,,,,,,,,,,,,,,,,,,,,,,,,,,,,,,,,,,,,,,,,,,,,,,,,,,,
Data are not released due to relatively insignificant value and/or in order to safeguard confidentiality of information provided by individual establishments.,,,,,,,,,,,,,,,,,,,,,,,,,,,,,,,,,,,,,,,,,,,,,,,,,,,,,,,,,,,,,,,,,,,,,,,,,,,,
,,,,,,,,,,,,,,,,,,,,,,,,,,,,,,,,,,,,,,,,,,,,,,,,,,,,,,,,,,,,,,,,,,,,,,,,,,,,
Definitions,,,,,,,,,,,,,,,,,,,,,,,,,,,,,,,,,,,,,,,,,,,,,,,,,,,,,,,,,,,,,,,,,,,,,,,,,,,,
External Debt:,,,,,,,,,,,,,,,,,,,,,,,,,,,,,,,,,,,,,,,,,,,,,,,,,,,,,,,,,,,,,,,,,,,,,,,,,,,,
"Gross external debt is defined as the outstanding amount of current (and not contingent) debt liabilities owed to non-residents by residents of an economy. The values reflected are as at a point in time. The external debt position can also be understood as a subset of the IIP, where it is equivalent to total external liabilities of the latter less equity and investment fund shares and financial derivatives. External debt statistics is used to monitor and analyse the external vulnerability of an economy.",,,,,,,,,,,,,,,,,,,,,,,,,,,,,,,,,,,,,,,,,,,,,,,,,,,,,,,,,,,,,,,,,,,,,,,,,,,,
,,,,,,,,,,,,,,,,,,,,,,,,,,,,,,,,,,,,,,,,,,,,,,,,,,,,,,,,,,,,,,,,,,,,,,,,,,,,
Notation:,,,,,,,,,,,,,,,,,,,,,,,,,,,,,,,,,,,,,,,,,,,,,,,,,,,,,,,,,,,,,,,,,,,,,,,,,,,,
na   not available or not applicable,,,,,,,,,,,,,,,,,,,,,,,,,,,,,,,,,,,,,,,,,,,,,,,,,,,,,,,,,,,,,,,,,,,,,,,,,,,,
nec  not elsewhere classified,,,,,,,,,,,,,,,,,,,,,,,,,,,,,,,,,,,,,,,,,,,,,,,,,,,,,,,,,,,,,,,,,,,,,,,,,,,,
nes  not elsewhere specified,,,,,,,,,,,,,,,,,,,,,,,,,,,,,,,,,,,,,,,,,,,,,,,,,,,,,,,,,,,,,,,,,,,,,,,,,,,,
 -     nil or negligible or not significant,,,,,,,,,,,,,,,,,,,,,,,,,,,,,,,,,,,,,,,,,,,,,,,,,,,,,,,,,,,,,,,,,,,,,,,,,,,,
Notes,,,,,,,,,,,,,,,,,,,,,,,,,,,,,,,,,,,,,,,,,,,,,,,,,,,,,,,,,,,,,,,,,,,,,,,,,,,,
Numbers may not add up to the totals due to rounding.,,,,,,,,,,,,,,,,,,,,,,,,,,,,,,,,,,,,,,,,,,,,,,,,,,,,,,,,,,,,,,,,,,,,,,,,,,,,
"Data are the latest available at the time of access or download. Some statistics, particularly those for the most recent time periods, are provisional and may be subject to revision at a later date.",,,,,,,,,,,,,,,,,,,,,,,,,,,,,,,,,,,,,,,,,,,,,,,,,,,,,,,,,,,,,,,,,,,,,,,,,,,,
Values are shown in Singapore dollars (unless otherwise specified),,,,,,,,,,,,,,,,,,,,,,,,,,,,,,,,,,,,,,,,,,,,,,,,,,,,,,,,,,,,,,,,,,,,,,,,,,,,
,,,,,,,,,,,,,,,,,,,,,,,,,,,,,,,,,,,,,,,,,,,,,,,,,,,,,,,,,,,,,,,,,,,,,,,,,,,,
Generated by: SingStat Table Builder,,,,,,,,,,,,,,,,,,,,,,,,,,,,,,,,,,,,,,,,,,,,,,,,,,,,,,,,,,,,,,,,,,,,,,,,,,,,
Date generated: 29/08/2022,,,,,,,,,,,,,,,,,,,,,,,,,,,,,,,,,,,,,,,,,,,,,,,,,,,,,,,,,,,,,,,,,,,,,,,,,,,,
Contact: info@singstat.gov.sg,,,,,,,,,,,,,,,,,,,,,,,,,,,,,,,,,,,,,,,,,,,,,,,,,,,,,,,,,,,,,,,,,,,,,,,,,,,,